timesteps,episode_reward,episode_length
200,-97.011256,200.0
400,-79.327158,200.0
600,-101.072507,200.0
800,-105.753107,200.0
1000,-95.517045,200.0
1200,-113.123103,200.0
1400,-194.989933,200.0
1600,-135.358133,200.0
1800,-105.092517,200.0
2000,-150.839394,200.0
2200,-148.731492,200.0
2400,-108.275527,200.0
2600,-107.492391,200.0
2800,-164.008776,200.0
3000,-108.3738,200.0
3200,-125.13273,200.0
3400,-86.861867,200.0
3600,-112.914847,200.0
3669,-31.78957,69.0
3869,-129.96057,200.0
4069,-103.442799,200.0
4269,-130.649552,200.0
4368,-53.259631,99.0
4568,-154.340174,200.0
4768,-81.819964,200.0
4968,-105.669084,200.0
5168,-92.123714,200.0
5368,-191.871449,200.0
5568,-98.11851,200.0
5768,-96.745267,200.0
5968,-176.658616,200.0
6168,-92.623471,200.0
6368,-86.969782,200.0
6505,-55.11019,137.0
6705,-103.270896,200.0
6851,-41.973821,146.0
7051,-89.33152,200.0
7251,-96.957842,200.0
7451,-118.468409,200.0
7651,-93.33302,200.0
7851,-108.537122,200.0
8051,-115.564028,200.0
8251,-95.038518,200.0
8451,-92.222072,200.0
8651,-89.21924,200.0
8851,-88.043555,200.0
9051,-95.060554,200.0
9251,-93.391422,200.0
9341,-36.301764,90.0
9415,-33.921944,74.0
9615,-79.059019,200.0
9815,-79.688401,200.0
10015,-128.288437,200.0
10215,-93.508047,200.0
10415,-64.31747,200.0
10615,-100.714068,200.0
10815,-85.421224,200.0
11015,-63.230869,200.0
11215,-63.644502,200.0
11415,-71.607347,200.0
11615,-79.036582,200.0
11815,-77.223378,200.0
12015,-69.22177,200.0
12215,-75.139979,200.0
12415,-77.676803,200.0
12615,-95.46644,200.0
12815,-81.504649,200.0
13015,-58.001544,200.0
13215,-73.502006,200.0
13304,-24.57956,89.0
13504,-62.121463,200.0
13704,-67.688121,200.0
13904,-60.737275,200.0
14104,-57.818107,200.0
14304,-64.767845,200.0
14504,-61.270674,200.0
14704,-66.03265,200.0
14904,-60.437075,200.0
15104,-66.568719,200.0
15304,-74.136346,200.0
15504,-66.172856,200.0
15704,-79.264011,200.0
15904,-51.148535,200.0
15934,-6.118429,30.0
16134,-75.276546,200.0
16334,-56.273762,200.0
16368,-7.276195,34.0
16568,-62.908918,200.0
16621,-9.409843,53.0
16744,-21.173667,123.0
16944,-65.245857,200.0
17144,-61.095358,200.0
17182,-9.902601,38.0
17222,-12.934314,40.0
17422,-61.328498,200.0
17497,-17.134178,75.0
17697,-60.252744,200.0
17897,-56.354742,200.0
17936,-10.568875,39.0
17964,-4.339365,28.0
18077,-21.16472,113.0
18266,-38.756024,189.0
18450,-35.725111,184.0
18650,-47.690792,200.0
18742,-19.791974,92.0
18942,-49.066838,200.0
18979,-10.337947,37.0
19009,-6.583061,30.0
19057,-12.375431,48.0
19097,-8.32074,40.0
19297,-44.250058,200.0
19497,-66.378431,200.0
19597,-27.240996,100.0
19751,-31.142522,154.0
19951,-43.15828,200.0
20151,-60.972598,200.0
20351,-51.092482,200.0
20551,-64.025427,200.0
20751,-52.315653,200.0
20951,-56.349283,200.0
21151,-47.082547,200.0
21223,-15.425795,72.0
21298,-16.670049,75.0
21498,-56.683355,200.0
21695,-43.629475,197.0
21857,-37.568483,162.0
21953,-21.26815,96.0
22153,-51.009711,200.0
22353,-46.47668,200.0
22553,-56.126063,200.0
22720,-35.681169,167.0
22920,-51.872708,200.0
23120,-58.93805,200.0
23320,-51.064602,200.0
23375,-10.382316,55.0
23575,-53.010626,200.0
23775,-60.639026,200.0
23813,-9.783484,38.0
24013,-76.89042,200.0
24047,-8.529944,34.0
24122,-12.873228,75.0
24322,-51.456222,200.0
24430,-16.583424,108.0
24630,-66.261771,200.0
24811,-29.030491,181.0
24937,-21.643188,126.0
25137,-60.087885,200.0
25337,-65.807574,200.0
25537,-48.294618,200.0
25622,-15.482744,85.0
25822,-55.483847,200.0
25858,-9.357252,36.0
26058,-48.128623,200.0
26258,-44.486207,200.0
26458,-50.468352,200.0
26658,-54.368111,200.0
26858,-41.264195,200.0
27058,-62.995461,200.0
27092,-8.863235,34.0
27292,-53.825345,200.0
27492,-57.419251,200.0
27692,-44.553494,200.0
27727,-8.706002,35.0
27876,-27.936468,149.0
28076,-49.624274,200.0
28276,-53.968306,200.0
28310,-8.176231,34.0
28441,-22.837828,131.0
28641,-47.840741,200.0
28777,-25.99081,136.0
28977,-51.562068,200.0
29060,-19.63299,83.0
29260,-44.272309,200.0
29383,-25.780486,123.0
29417,-9.212778,34.0
29617,-55.579007,200.0
29648,-7.882842,31.0
29733,-20.073109,85.0
29933,-45.753268,200.0
30133,-45.892646,200.0
30333,-48.828172,200.0
30533,-44.493105,200.0
30733,-44.317883,200.0
30933,-40.440562,200.0
30973,-9.971578,40.0
31004,-7.242645,31.0
31038,-7.656568,34.0
31101,-13.291756,63.0
31129,-4.728273,28.0
31329,-47.828402,200.0
31403,-15.897788,74.0
31450,-11.652456,47.0
31650,-44.088877,200.0
31684,-7.256846,34.0
31739,-13.663824,55.0
31939,-37.42618,200.0
31989,-10.85193,50.0
32073,-14.231276,84.0
32111,-8.972515,38.0
32264,-24.453984,153.0
32360,-22.464117,96.0
32560,-40.62792,200.0
32595,-8.751542,35.0
32764,-28.105577,169.0
32846,-14.343783,82.0
33046,-61.67416,200.0
33161,-20.579997,115.0
33189,-4.17633,28.0
33220,-7.256212,31.0
33254,-8.257453,34.0
33454,-41.408788,200.0
33491,-9.190918,37.0
33577,-17.747572,86.0
33777,-38.018998,200.0
33830,-11.183866,53.0
33860,-7.405759,30.0
34001,-26.613432,141.0
34034,-8.862661,33.0
34234,-40.993129,200.0
34434,-39.695541,200.0
34475,-12.449891,41.0
34525,-11.387066,50.0
34725,-48.852607,200.0
34770,-12.011661,45.0
34911,-27.87715,141.0
35111,-46.992943,200.0
35173,-14.561707,62.0
35336,-33.752673,163.0
35373,-9.604017,37.0
35401,-4.91234,28.0
35448,-12.848921,47.0
35563,-22.015444,115.0
35720,-26.239246,157.0
35920,-38.672906,200.0
36101,-29.458695,181.0
36143,-12.468426,42.0
36179,-9.256155,36.0
36214,-8.523184,35.0
36252,-10.876115,38.0
36283,-7.41414,31.0
36344,-10.352119,61.0
36417,-12.02481,73.0
36452,-7.699531,35.0
36482,-4.896873,30.0
36519,-10.223015,37.0
36552,-7.089409,33.0
36601,-13.179011,49.0
36651,-10.942273,50.0
36710,-15.508945,59.0
36739,-4.561105,29.0
36788,-10.485339,49.0
36822,-8.355064,34.0
37022,-48.652248,200.0
37153,-23.168436,131.0
37205,-14.146634,52.0
37263,-11.126796,58.0
37297,-8.180901,34.0
37497,-54.766055,200.0
37534,-7.98989,37.0
37594,-11.844362,60.0
37632,-9.409403,38.0
37664,-7.530486,32.0
37703,-9.984297,39.0
37854,-23.630959,151.0
38054,-39.8521,200.0
38094,-9.446494,40.0
38233,-21.498763,139.0
38294,-10.957087,61.0
38494,-51.676262,200.0
38694,-42.036178,200.0
38722,-4.734076,28.0
38781,-11.487958,59.0
38845,-13.584846,64.0
38882,-9.797534,37.0
38918,-10.462161,36.0
38975,-12.578855,57.0
39036,-14.640539,61.0
39074,-9.099962,38.0
39128,-12.793272,54.0
39214,-18.380604,86.0
39247,-7.951609,33.0
39282,-9.019164,35.0
39482,-42.312382,200.0
39510,-4.075561,28.0
39548,-6.957001,38.0
39583,-8.412695,35.0
39628,-9.906676,45.0
39726,-18.445563,98.0
39754,-5.257249,28.0
39783,-4.591405,29.0
39827,-10.002859,44.0
39908,-12.155446,81.0
39953,-9.649692,45.0
39982,-7.784425,29.0
40030,-12.008378,48.0
40087,-12.690455,57.0
40122,-10.296987,35.0
40153,-6.816133,31.0
40212,-13.536327,59.0
40316,-18.511412,104.0
40349,-7.413001,33.0
40391,-10.453109,42.0
40454,-16.969474,63.0
40512,-11.544835,58.0
40562,-12.032556,50.0
40610,-10.14064,48.0
40664,-15.240097,54.0
40699,-9.256708,35.0
40746,-10.791714,47.0
40834,-16.427197,88.0
40939,-18.206898,105.0
40975,-9.986434,36.0
41051,-14.991298,76.0
41214,-29.696505,163.0
41246,-6.552849,32.0
41299,-12.438676,53.0
41410,-20.800493,111.0
41486,-21.930809,76.0
41522,-8.790704,36.0
41555,-6.290547,33.0
41590,-8.811956,35.0
41642,-11.529547,52.0
41702,-14.902366,60.0
41740,-12.088935,38.0
41843,-21.964016,103.0
41877,-7.050962,34.0
41917,-8.946307,40.0
42020,-19.539643,103.0
42065,-11.410208,45.0
42208,-25.140405,143.0
42276,-16.058352,68.0
42455,-28.824381,179.0
42504,-12.138277,49.0
42567,-12.663844,63.0
42605,-10.173829,38.0
42637,-5.988841,32.0
42675,-10.985089,38.0
42710,-7.975308,35.0
42771,-14.680941,61.0
42803,-6.509916,32.0
42834,-6.056735,31.0
42868,-6.422215,34.0
42901,-6.216152,33.0
42937,-8.415344,36.0
42970,-7.021413,33.0
42998,-5.048705,28.0
43033,-7.662375,35.0
43081,-13.401257,48.0
43241,-29.315225,160.0
43281,-9.729701,40.0
43352,-13.713576,71.0
43385,-6.393181,33.0
43452,-17.562334,67.0
43488,-8.833693,36.0
43550,-11.50133,62.0
43590,-10.879064,40.0
43623,-7.572307,33.0
43690,-13.060234,67.0
43724,-7.099757,34.0
43765,-8.546447,41.0
43799,-8.216618,34.0
43837,-9.499142,38.0
43870,-7.393284,33.0
43901,-6.53294,31.0
43948,-11.035846,47.0
43980,-6.883406,32.0
44019,-10.696603,39.0
44072,-11.812253,53.0
44104,-5.853014,32.0
44136,-8.517865,32.0
44229,-15.792147,93.0
44264,-8.150742,35.0
44300,-7.138137,36.0
44352,-10.080668,52.0
44393,-11.311192,41.0
44437,-10.845808,44.0
44476,-10.173024,39.0
44530,-11.921275,54.0
44565,-8.589639,35.0
44765,-37.960952,200.0
44845,-14.019114,80.0
44874,-4.787941,29.0
45074,-39.373639,200.0
45229,-24.05976,155.0
45272,-8.20103,43.0
45303,-5.050087,31.0
45330,-4.737421,27.0
45366,-9.95536,36.0
45439,-16.929798,73.0
45526,-15.865152,87.0
45570,-8.916851,44.0
45609,-10.21116,39.0
45645,-6.81284,36.0
45679,-8.53146,34.0
45712,-7.655259,33.0
45745,-6.466268,33.0
45788,-9.187557,43.0
45833,-11.212542,45.0
45937,-18.950426,104.0
45972,-9.39337,35.0
46012,-9.159856,40.0
46059,-10.480684,47.0
46091,-7.991572,32.0
46137,-11.581554,46.0
46204,-14.980426,67.0
46246,-10.405823,42.0
46287,-11.227063,41.0
46328,-9.668024,41.0
46430,-17.540277,102.0
46508,-14.549278,78.0
46589,-18.697529,81.0
46639,-13.037999,50.0
46702,-12.783979,63.0
46746,-8.741902,44.0
46784,-10.521985,38.0
46822,-10.488184,38.0
46896,-14.859423,74.0
46940,-8.25584,44.0
46972,-8.224399,32.0
47008,-10.898998,36.0
47112,-14.787784,104.0
47152,-11.050377,40.0
47187,-9.619012,35.0
47258,-14.328341,71.0
47317,-12.059921,59.0
47353,-7.917218,36.0
47410,-14.116924,57.0
47449,-10.279314,39.0
47485,-10.775393,36.0
47563,-13.937048,78.0
47606,-10.844185,43.0
47637,-8.519583,31.0
47697,-14.446638,60.0
47731,-9.108824,34.0
47760,-5.099223,29.0
47797,-9.396389,37.0
47831,-9.83635,34.0
47859,-5.641755,28.0
47890,-8.045859,31.0
47946,-11.039254,56.0
48132,-34.881244,186.0
48171,-9.248067,39.0
48203,-7.226765,32.0
48266,-11.827785,63.0
48296,-5.181239,30.0
48347,-9.521999,51.0
48387,-10.357442,40.0
48422,-7.918663,35.0
48456,-7.549921,34.0
48505,-10.12046,49.0
48544,-10.309067,39.0
48577,-5.887525,33.0
48619,-11.946565,42.0
48662,-11.175901,43.0
48710,-9.63926,48.0
48748,-10.038859,38.0
48789,-10.132024,41.0
48825,-10.803464,36.0
48879,-10.517858,54.0
48915,-7.364078,36.0
48955,-9.828165,40.0
49008,-15.36074,53.0
49071,-9.918799,63.0
49138,-15.660026,67.0
49337,-28.63168,199.0
49537,-84.123783,200.0
49579,-10.887271,42.0
49611,-5.763291,32.0
49653,-10.613943,42.0
49853,-105.716012,200.0
