timesteps,episode_reward,episode_length,success
200,-93.83804756727373,200,0
400,-111.30433980072905,200,0
600,-116.51521958562569,200,0
671,-26.082568381574077,71,1
871,-125.9434470274704,200,0
1071,-105.4287764151765,200,0
1271,-113.27992995163575,200,0
1471,-84.08322424682125,200,0
1671,-94.64889347886268,200,0
1871,-100.00313423489075,200,0
1922,-22.10867480115906,51,1
2122,-93.95809591172981,200,0
2322,-109.35989689599135,200,0
2522,-96.4065150985262,200,0
2722,-95.3100804534814,200,0
2922,-92.25536183201817,200,0
3122,-77.25288240555301,200,0
3322,-132.78384317673172,200,0
3522,-87.30151732420494,200,0
3722,-102.27310715955875,200,0
3922,-88.09148017008448,200,0
4122,-89.3795230568827,200,0
4322,-91.70183818885536,200,0
4522,-117.21510403596574,200,0
4722,-112.15710311128616,200,0
4922,-115.05883284073839,200,0
5122,-114.20406318986937,200,0
5322,-84.35801663553919,200,0
5522,-105.60990498599598,200,0
5722,-117.20440966614797,200,0
5922,-129.18714849022632,200,0
6122,-100.62301570514569,200,0
6322,-131.22988450143785,200,0
6522,-93.49795275699614,200,0
6722,-109.50094287188632,200,0
6922,-93.08560742684452,200,0
7122,-97.20133665199874,200,0
7322,-105.26582398275879,200,0
7522,-102.7105222851045,200,0
7722,-111.78213489176154,200,0
7922,-96.98548154740627,200,0
8122,-140.07641222925437,200,0
8279,-89.60708801004645,157,1
8331,-18.74568323413917,52,1
8531,-103.60305670415713,200,0
8731,-108.47443753157727,200,0
8931,-101.05780748570268,200,0
9131,-88.43473212325924,200,0
9331,-90.21992129875255,200,0
9531,-106.98427313223061,200,0
9731,-99.94997106185257,200,0
9931,-84.0134916778545,200,0
10131,-99.93409049905965,200,0
10331,-112.26641487935281,200,0
10531,-101.19432242908019,200,0
10731,-108.01275757334746,200,0
10931,-88.85706361441747,200,0
11131,-98.166712784071,200,0
11331,-88.9620414802427,200,0
11531,-81.79222408310156,200,0
11731,-88.59060202738605,200,0
11931,-130.48002547701026,200,0
12131,-91.29791114645218,200,0
12331,-98.26181514818863,200,0
12531,-115.02185852941332,200,0
12731,-81.5815567775031,200,0
12931,-96.2004326458728,200,0
13131,-123.8260888239866,200,0
13331,-82.33456124858539,200,0
13531,-100.39390010248123,200,0
13731,-84.63645733316068,200,0
13931,-114.95355553658949,200,0
14131,-93.81578195058661,200,0
14331,-98.87018678427425,200,0
14531,-99.09543244430849,200,0
14731,-98.14266936397823,200,0
14931,-127.28187008031438,200,0
15131,-80.30350854223843,200,0
15331,-91.32152199744635,200,0
15531,-91.04175416057525,200,0
15731,-88.02692000064033,200,0
15931,-103.96101941206942,200,0
16131,-83.85459654464242,200,0
16331,-86.56779620659213,200,0
16531,-98.51884333438021,200,1
16731,-89.1391403894821,200,0
16931,-90.38005850053435,200,0
17131,-79.06973149507971,200,0
17331,-94.44985585168129,200,0
17531,-109.24441953373358,200,0
17731,-105.02307389522926,200,0
17931,-101.99051362743289,200,0
18131,-108.62621083215755,200,0
18331,-90.1929687400886,200,0
18531,-77.71743296063111,200,0
18731,-87.7905898340581,200,0
18931,-102.31499615296148,200,0
19131,-90.22969384480791,200,0
19331,-111.53323035344323,200,0
19531,-106.96886294604289,200,0
19731,-103.07794664621707,200,0
19931,-89.36290055337513,200,0
20131,-88.5235711306903,200,0
20274,-47.640984099177984,143,1
20474,-97.24402524838061,200,0
20674,-91.94069204495013,200,0
20874,-89.64213858341971,200,0
20917,-14.542080489299936,43,1
21117,-95.43567774779206,200,0
21317,-118.40966033386418,200,0
21517,-90.91096052205938,200,0
21717,-99.71748554341731,200,0
21917,-99.30890703736247,200,0
22117,-107.69559589279042,200,0
22317,-86.24095485988511,200,0
22517,-98.33257307819242,200,0
22717,-106.76348010136482,200,0
22917,-87.51791599703682,200,0
23117,-74.62084004381124,200,0
23317,-102.31373898948635,200,0
23517,-93.00811222088585,200,0
23717,-128.02503598117394,200,0
23917,-89.61264663854895,200,0
24117,-89.1006072597174,200,0
24317,-76.89095048995866,200,0
24517,-79.89046563114181,200,0
24717,-103.54077487441465,200,0
24917,-101.28850163586318,200,0
25117,-93.30975570738573,200,0
25317,-74.42275728903154,200,0
25517,-78.76685806055174,200,0
25717,-94.41829542543782,200,0
25917,-112.51325337585618,200,0
26117,-111.2067998392861,200,0
26317,-97.83013280946021,200,0
26517,-99.90694561564436,200,0
26717,-87.30779761016301,200,0
26917,-90.24772483900449,200,0
27117,-87.55399352740793,200,0
27317,-95.7694654345382,200,0
27517,-87.28408081316513,200,0
27717,-90.05894506315238,200,0
27917,-97.11726966100936,200,0
28117,-98.31714041740962,200,0
28317,-89.35438117894893,200,0
28517,-86.88775253235603,200,0
28703,-107.06400410899843,186,1
28903,-98.28603243858328,200,0
29103,-82.4604806621227,200,0
29303,-114.38547256238658,200,0
29503,-101.48811721060659,200,0
29703,-89.15141671596137,200,0
29903,-101.62702436902596,200,0
30103,-85.61116192882194,200,0
30303,-83.63322246455516,200,0
30503,-92.0003214827535,200,0
30703,-90.86231761568553,200,0
30903,-82.6827594795742,200,0
31103,-107.507499822825,200,0
31303,-91.15194178573203,200,0
31503,-78.04380808899882,200,0
31703,-142.96975802592715,200,0
31903,-108.90157349043015,200,0
32103,-90.85180601554977,200,0
32303,-72.63836227198632,200,0
32503,-86.30253287697737,200,0
32703,-62.30765077988317,200,0
32903,-116.10347564315539,200,0
33103,-102.11037987785849,200,0
33303,-96.64914251412563,200,0
33503,-107.64624200325352,200,0
33703,-90.89257116768266,200,0
33903,-115.39674688005884,200,0
34103,-98.63345551417419,200,0
34303,-90.41127948094024,200,0
34503,-102.68876447331772,200,0
34703,-144.1571612389829,200,0
34903,-105.7899494431863,200,0
35103,-80.15504392371749,200,0
35303,-84.48425530374557,200,0
35503,-108.14658195464185,200,0
35703,-96.20020695638944,200,0
35742,-13.493326936644353,39,1
35781,-9.16888800581,39,1
35981,-80.94681515413467,200,0
36181,-73.52201303459879,200,0
36381,-157.83084002649485,200,0
36416,-8.924494257971396,35,1
36616,-120.40908197652341,200,0
36816,-106.72985389465397,200,0
37016,-76.55176214402205,200,0
37216,-99.78675357475858,200,0
37416,-87.62376803951594,200,0
37616,-64.18960584588437,200,0
37792,-57.239378426163064,176,1
37992,-118.04181243739363,200,0
38192,-95.1513174141073,200,0
38392,-85.40193571015335,200,0
38592,-93.85638979555755,200,0
38792,-116.44169974459216,200,0
38992,-99.63808451917367,200,0
39192,-73.28445415635146,200,0
39392,-101.03674871933636,200,0
39592,-67.38088376692274,200,0
39792,-82.59764924946926,200,0
39992,-69.05660641514287,200,0
40192,-100.12755236957595,200,0
40392,-122.68709039540995,200,0
40592,-99.9213441255375,200,0
40792,-124.75427029485641,200,0
40992,-115.20555368918886,200,0
41192,-86.23755845773012,200,0
41392,-85.51294698374628,200,0
41592,-92.5338097517933,200,0
41792,-104.22443480138122,200,0
41992,-84.8165811937525,200,0
42192,-98.12141456561858,200,0
42392,-78.87239871919076,200,0
42527,-42.971304288164255,135,1
42727,-79.5038026355704,200,0
42927,-134.52146825621688,200,0
43127,-80.45897313918918,200,0
43327,-111.89473983363061,200,0
43527,-80.83091535516978,200,0
43727,-83.04425192618378,200,0
43927,-105.91007931598767,200,0
44127,-93.57389458285239,200,0
44327,-92.96622975508143,200,0
44527,-91.80687644756738,200,0
44727,-92.95098834406909,200,0
44927,-99.17580240249428,200,0
45118,-56.428002736745924,191,1
45318,-82.79418041636113,200,0
45518,-80.49213424618516,200,0
45718,-87.62276950004771,200,0
45918,-90.9038676810072,200,0
46118,-84.80503793569864,200,0
46318,-75.73949779637533,200,0
46518,-105.08769573064092,200,0
46718,-117.75593629062497,200,0
46918,-75.1838560233162,200,0
47118,-82.33021126611044,200,0
47318,-113.4519779338134,200,0
47518,-90.9253063374048,200,0
47718,-76.0155610551461,200,0
47918,-81.25485284780434,200,0
48050,-44.07458615982957,132,1
48095,-11.157362729189915,45,1
48295,-79.70616129262271,200,0
48495,-80.43969195189113,200,0
48695,-73.04721127948693,200,0
48895,-85.24143429240969,200,0
49095,-87.15901455462378,200,0
49295,-75.53154249287596,200,0
49495,-78.33529444997585,200,0
49695,-73.69193882117689,200,0
49895,-89.52837150605919,200,0
50095,-88.48222483808465,200,0
50295,-98.10878808234062,200,0
50495,-88.92950344086722,200,0
50695,-94.65807164667798,200,0
50895,-88.11700798547687,200,0
51095,-84.29417597911844,200,0
51295,-95.18376777315807,200,0
51495,-102.07584495904143,200,0
51695,-71.71595480512863,200,0
51895,-77.95008370717728,200,0
52095,-92.72467925714763,200,0
52295,-74.77513361845251,200,0
52495,-91.97340306344806,200,0
52695,-72.94223974353832,200,0
52895,-94.53858511881663,200,0
53095,-85.86772929388962,200,0
53295,-91.71869455050788,200,0
53439,-55.24856831689341,144,1
53639,-65.79958407352457,200,0
53839,-77.6067983711238,200,0
54039,-97.43551176800959,200,0
54239,-77.41340109678825,200,0
54282,-11.519563769587434,43,1
54482,-81.0203583597724,200,0
54682,-81.21044734146199,200,0
54882,-95.28731103565728,200,0
55082,-84.73152232269898,200,0
55282,-85.45878088196189,200,0
55482,-92.68433029456291,200,0
55682,-80.6467985145941,200,0
55882,-102.6340530485185,200,0
56082,-84.41379792474865,200,0
56282,-85.47829135103957,200,0
56482,-93.17707878191474,200,0
56682,-89.76591852166686,200,0
56882,-102.04890515661043,200,0
57082,-85.7524967944787,200,0
57282,-110.83424304877417,200,0
57482,-69.65136063003283,200,0
57682,-82.96616551954344,200,0
57882,-94.61674283949947,200,0
58082,-62.54776968006641,200,0
58282,-68.96387704073514,200,0
58482,-68.38611541285283,200,0
58682,-97.57158980142995,200,0
58882,-78.47256480242133,200,0
59082,-85.82668416235488,200,0
59282,-89.99778075044482,200,0
59482,-86.95265297419824,200,0
59682,-82.61786933928968,200,0
59882,-71.53105991217039,200,0
60082,-69.59631106930992,200,0
60282,-71.54892250569725,200,0
60482,-69.43880618421471,200,0
60682,-95.08961545852166,200,0
60727,-15.006040470701766,45,1
60927,-96.2980901690489,200,0
61127,-74.25358801839786,200,0
61236,-31.872165169948865,109,1
61436,-102.44130302862364,200,0
61636,-75.07165842050344,200,0
61836,-69.02357033820444,200,0
62036,-81.74213043011778,200,0
62236,-79.8184654572684,200,0
62436,-85.79308591275378,200,0
62636,-69.20875700251358,200,0
62836,-82.13034598402737,200,0
63036,-95.29631597097011,200,0
63236,-77.38144076125377,200,0
63436,-85.66835508550228,200,0
63636,-86.34038949911353,200,0
63836,-94.85199329157585,200,0
63874,-12.505021810752082,38,1
64074,-67.06120397212692,200,0
64274,-75.59706678583072,200,0
64474,-68.09654110878056,200,0
64509,-10.336637544171156,35,1
64709,-83.09898780672525,200,0
64909,-78.76243892937288,200,0
65109,-77.13208285646193,200,0
65309,-83.15238116670956,200,0
65509,-75.43680673672947,200,0
65709,-68.31369457435419,200,0
65771,-16.1299345988324,62,1
65971,-85.72263837822425,200,0
66171,-94.10240289744965,200,0
66371,-80.19645212052178,200,0
66571,-84.18604339279815,200,0
66771,-83.91234149309774,200,0
66971,-79.54346292083724,200,0
67171,-76.82949084189947,200,0
67371,-81.4413605199168,200,0
67496,-35.51553642477525,125,1
67696,-96.59361493192465,200,0
67896,-77.19594318702768,200,0
68096,-84.20669724941739,200,0
68296,-80.07028396583549,200,0
68333,-10.830152734079364,37,1
68533,-59.07322626016414,200,0
68733,-92.55994312597862,200,0
68775,-14.027264585113317,42,1
68814,-13.162542346012913,39,1
68957,-38.899747849039635,143,1
69157,-89.54613318634408,200,0
69357,-63.94373409639282,200,0
69557,-65.42289739089833,200,0
69595,-12.481222175977278,38,1
69795,-80.82496344561405,200,0
69995,-73.05171663066825,200,0
70195,-82.90095501766524,200,0
70395,-79.81944400607597,200,0
70430,-11.552638911352776,35,1
70630,-73.23219013628899,200,0
70830,-96.54590662989621,200,0
71014,-62.05658765814593,184,1
71214,-66.72871680908766,200,0
71414,-79.39561146539127,200,0
71614,-72.71773888893362,200,0
71814,-64.15349471397461,200,0
71858,-15.545440736994326,44,1
72058,-97.80180865794472,200,0
72258,-72.90108723055229,200,0
72417,-52.71506852192521,159,1
72617,-65.94586480876755,200,0
72817,-83.32046101353004,200,0
73017,-91.07103984491026,200,0
73125,-31.832692402095347,108,1
73325,-66.28750814661876,200,0
73525,-98.64142459387797,200,0
73725,-80.82538339849077,200,0
73829,-28.49921389956262,104,1
74029,-72.65929810398121,200,0
74229,-70.5864140748974,200,0
74429,-65.67187069964007,200,0
74518,-22.618219276683234,89,1
74718,-90.22562888398855,200,0
74918,-72.8417406876119,200,0
75118,-78.80079174800942,200,0
75318,-75.39637849851918,200,0
75518,-70.37595550215583,200,0
75547,-4.896195362618247,29,1
75747,-58.08045130440126,200,0
75947,-80.74162147800561,200,0
76147,-81.29454978677059,200,0
76231,-23.74671671851143,84,1
76367,-36.176713572462006,136,1
76398,-5.891924176802162,31,1
76432,-8.7553801474679,34,1
76478,-14.293081691932125,46,1
76678,-79.15185550597572,200,0
76878,-57.07275547507007,200,0
77078,-72.12913565224527,200,0
77278,-70.48873657950246,200,0
77478,-79.41043102819712,200,0
77678,-68.5114746102639,200,0
77878,-77.20171339021651,200,0
78078,-71.40387830132045,200,0
78278,-94.07215812072387,200,0
78478,-82.21083204475084,200,0
78678,-62.15508762366608,200,0
78878,-84.15587984555066,200,0
78921,-15.032457277457988,43,1
79121,-62.16311985576331,200,0
79154,-7.87551633580493,33,1
79354,-91.27964696093322,200,0
79517,-41.19392091577205,163,1
79554,-8.719799761742912,37,1
79586,-7.445146578414784,32,1
79786,-72.08618233448122,200,0
79986,-73.32340903951122,200,0
80186,-85.47016665144228,200,0
80386,-72.68372591082067,200,0
80586,-76.05735084509965,200,0
80786,-65.8228325039508,200,0
80986,-80.69405406857047,200,0
81186,-69.0120695047475,200,0
81216,-5.578246829264236,30,1
81331,-33.25722573727234,115,1
81531,-73.42728851448135,200,0
81581,-12.629807742963441,50,1
81713,-36.44191381247921,132,1
81913,-70.37902840915318,200,0
82113,-87.85360683195994,200,0
82313,-72.36926083711225,200,0
82513,-61.80908971311083,200,0
82713,-64.48466361375384,200,0
82744,-8.118863142519851,31,1
82944,-88.44321173233007,200,0
83144,-86.16805828934677,200,0
83182,-10.462146369277894,38,1
83382,-64.43934865636118,200,0
83582,-73.61154868488836,200,0
83782,-72.84953747744665,200,0
83982,-57.68049149782467,200,0
84182,-78.00986472985514,200,0
84382,-63.257377172764585,200,0
84582,-65.84390982531446,200,0
84782,-60.83659452293895,200,1
84939,-37.57587647459698,157,1
85053,-31.930699059220615,114,1
85253,-65.78061764043706,200,0
85453,-96.74652011977965,200,0
85653,-68.93929390163454,200,0
85853,-68.43719963778658,200,0
85975,-35.31272754338808,122,1
86175,-65.38174456345156,200,0
86375,-83.99493355766043,200,0
86575,-71.88333301322118,200,0
86775,-72.1410110512475,200,0
86975,-80.85127334266134,200,0
87175,-80.6263486466215,200,0
87375,-73.86784739883626,200,0
87417,-16.29499878290224,42,1
87617,-67.80706975175471,200,0
87817,-81.84025496541418,200,0
88017,-68.27230757248559,200,0
88217,-87.64943925228535,200,0
88343,-32.756052271303005,126,1
88495,-46.598310816158616,152,1
88695,-62.51676275380727,200,0
88725,-7.560642816940126,30,1
88925,-75.56832244013779,200,0
88966,-13.714376754720874,41,1
89001,-8.297060703913367,35,1
89095,-26.328856542972,94,1
89295,-68.30300545341998,200,0
89330,-10.502021459256397,35,1
89363,-7.928346173955848,33,1
89563,-68.46915181990842,200,0
89763,-62.57052069198276,200,0
89874,-30.54002412897182,111,1
90074,-60.43162668486318,200,0
90112,-12.82969572553936,38,1
90312,-72.82975050705727,200,0
90512,-76.90481365101873,200,0
90712,-78.78470293762297,200,0
90912,-70.91337399201448,200,0
91112,-64.92996310573824,200,0
91312,-70.79897197982203,200,0
91512,-61.396373306270306,200,0
91603,-25.664122867041222,91,1
91638,-9.109385189995127,35,1
91676,-10.522755656162772,38,1
91733,-19.01878962614921,57,1
91925,-59.739274476658146,192,1
92125,-57.30190463327217,200,0
92325,-82.15352703734177,200,0
92525,-84.91850696961092,200,0
92725,-70.22811292268568,200,0
92925,-66.76606654530806,200,0
93125,-69.82939755297396,200,0
93325,-68.94231216372908,200,0
93366,-11.658892244767863,41,1
93566,-76.60006236537717,200,0
93766,-56.63284802159232,200,0
93966,-65.1993432437512,200,0
94166,-71.82363085403375,200,0
94198,-6.805254430451166,32,1
94228,-5.2523776389284365,30,1
94428,-61.711371139136006,200,0
94465,-12.461929779532811,37,1
94499,-9.338249841495996,34,1
94699,-68.48049162414338,200,0
94739,-11.788982293795836,40,1
94939,-67.96578272908363,200,0
95139,-63.8786123147133,200,0
95297,-40.71304164888771,158,1
95333,-10.462075010265222,36,1
95533,-70.38691259873546,200,0
95567,-7.666522002433709,34,1
95601,-9.796448351353405,34,1
95724,-28.822303979055544,123,1
95924,-78.97634658248839,200,0
95963,-14.80838177709349,39,1
96163,-76.80026332428085,200,0
96363,-68.00069400913512,200,0
96397,-7.7263313039966075,34,1
96594,-49.99560482781031,197,1
96626,-7.856199972747401,32,1
96826,-62.28998696516716,200,0
97026,-62.88731596244849,200,0
97060,-8.806107986302507,34,1
97193,-33.64093562561871,133,1
97389,-53.435337235392,196,1
97589,-62.58988175212965,200,0
97789,-71.59392474633866,200,0
97989,-72.37252978839845,200,0
98149,-45.80982711638974,160,1
98181,-8.507130347269289,32,1
98217,-12.479493775422451,36,1
98384,-46.235667216780584,167,1
98495,-29.065515852013803,111,1
98695,-52.011220937760704,200,0
98895,-54.46322310177367,200,0
99095,-74.43127275149257,200,0
99295,-65.64135468113518,200,0
99495,-74.0147191189213,200,0
99527,-7.997312579873531,32,1
99727,-66.97461381499089,200,0
99758,-6.546014584272779,31,1
99787,-6.2315764418959905,29,1
99987,-60.5363611788912,200,0
100187,-59.178552511493116,200,0
100387,-61.26714177548133,200,0
100422,-11.657857489630972,35,1
100457,-10.135459261371814,35,1
100493,-9.885844600308966,36,1
100520,-4.596600314563734,27,1
100696,-51.76145256920291,176,1
100730,-8.015630408648532,34,1
100930,-60.06196990325371,200,0
101130,-72.53357721926032,200,0
101168,-12.490225108326937,38,1
101368,-56.38820287718854,200,0
101568,-69.36070873928863,200,0
101605,-12.249078830492543,37,1
101760,-40.39644393282168,155,1
101878,-28.239359037004732,118,1
101941,-16.141528036289632,63,1
102141,-71.08802602690564,200,0
102341,-61.98174183183805,200,0
102374,-8.25949401314691,33,1
102527,-42.36209065574267,153,1
102603,-18.32015575726154,76,1
102803,-62.26723457990915,200,0
103003,-66.58509341171074,200,0
103203,-51.87436068329636,200,0
103325,-32.95761349415761,122,1
103525,-73.84873108986505,200,0
103725,-69.5431252977216,200,0
103787,-18.138168510778648,62,1
103937,-36.12009664787267,150,1
104137,-74.5576217882253,200,0
104267,-31.87909786073865,130,1
104298,-6.641081147533409,31,1
104419,-36.89514145520801,121,1
104453,-7.985575773333464,34,1
104653,-57.826200990635755,200,0
104837,-39.88404113477081,184,1
105037,-54.305973417380876,200,0
105237,-60.65040280165669,200,0
105273,-9.240175426893787,36,1
105473,-53.849907081301595,200,0
105502,-6.341487040906115,29,1
105532,-7.189733076084684,30,1
105576,-15.845043627207113,44,1
105776,-58.32422744279603,200,0
105877,-25.257202617275425,101,1
105908,-7.870785364326398,31,1
105938,-6.363125953801374,30,1
106138,-67.94744852764694,200,0
106264,-35.58016357959845,126,1
106299,-9.725694824516088,35,1
106499,-66.07997416114078,200,0
106699,-62.40267509650123,200,0
106731,-7.524873920403039,32,1
106764,-8.014643354840537,33,1
106964,-61.06933745860147,200,0
106994,-6.488441235248814,30,1
107093,-22.87553467154271,99,1
107127,-11.100150183456346,34,1
107160,-8.04092749632119,33,1
107288,-40.160217301540065,128,1
107488,-77.76114854680283,200,0
107688,-55.80744474976587,200,0
107888,-62.84170569911653,200,0
107924,-9.171256401650691,36,1
108032,-24.86210305616339,108,1
108232,-60.49540551498613,200,0
108262,-6.146733919452677,30,1
108295,-9.75450274192721,33,1
108456,-38.335612406531254,161,1
108656,-69.7189118614293,200,0
108856,-62.76248097527908,200,0
109056,-62.78677904323014,200,0
109173,-35.102045447791035,117,1
109373,-67.56403529101766,200,0
109503,-33.57551721415629,130,1
109589,-26.319708783678138,86,1
109789,-70.7373828183759,200,0
109831,-11.126017285788249,42,1
110031,-63.65558293816138,200,0
110070,-10.677427382779381,39,1
110100,-6.9494777439042,30,1
110129,-5.736863978662091,29,1
110167,-13.78681617372887,38,1
110367,-63.89238635738522,200,0
110406,-11.13417625162314,39,1
110439,-9.228471982943653,33,1
110597,-39.810061127714455,158,1
110632,-10.693401433770022,35,1
110670,-12.540576200483907,38,1
110770,-28.620832362609566,100,1
110893,-35.074524743188675,123,1
111093,-60.29956813300343,200,0
111125,-7.307645848498918,32,1
111174,-17.287268719276895,49,1
111374,-63.48562131156773,200,0
111502,-38.64119522623913,128,1
111702,-63.465994034389865,200,0
111811,-26.54325186384449,109,1
111854,-12.753864758301546,43,1
111991,-39.767220579784954,137,1
112191,-80.12124808694725,200,0
112225,-10.063710297584661,34,1
112425,-66.66090131936487,200,0
112458,-9.760736032767532,33,1
112658,-70.29447206453831,200,0
112697,-12.900829133114348,39,1
112897,-66.54292966035257,200,0
113054,-38.859769972394545,157,1
113087,-8.529000878809377,33,1
113121,-9.551511895160452,34,1
113156,-12.13799991739047,35,1
113303,-42.87020724897863,147,1
113503,-58.85058443440098,200,0
113535,-8.503403096921746,32,1
113735,-59.8209305294309,200,0
113935,-54.58939686936211,200,0
113970,-9.589162787447878,35,1
114084,-32.5623196508433,114,1
114113,-6.003141774211233,29,1
114151,-12.862073167033556,38,1
114315,-44.99074218112563,164,1
114435,-30.834621092106765,120,1
114585,-43.477483233052,150,1
114785,-60.29704721595577,200,0
114902,-32.50906726296316,117,1
115102,-62.08208465308956,200,0
115134,-7.71184960134725,32,1
115166,-9.886026735673374,32,1
115203,-11.30904667863076,37,1
115232,-4.9896038664571645,29,1
115432,-66.13784249874996,200,0
115558,-29.50262254465082,126,1
115596,-9.293266544585213,38,1
115627,-6.958062918024776,31,1
115662,-8.768510342745765,35,1
115862,-64.52072714061111,200,0
115891,-6.24024248213642,29,1
115920,-5.102244941608195,29,1
115958,-9.528018139757492,38,1
116071,-31.688297242348174,113,1
116224,-38.85494694362128,153,1
116258,-11.280609164804334,34,1
116288,-7.598926138802408,30,1
116488,-69.14592833150768,200,0
116521,-7.466290741202963,33,1
116559,-11.858577074231185,38,1
116759,-54.39375648228336,200,0
116959,-51.88282970535885,200,0
117159,-62.14602494846264,200,0
117359,-60.83565651508658,200,0
117557,-46.39916703597051,198,1
117587,-4.909857972389798,30,1
117628,-12.02048852613945,41,1
117828,-56.17104898180149,200,0
117977,-38.680377710297826,149,1
118177,-56.47996836744867,200,0
118211,-9.73675224670533,34,1
118327,-36.50423640857943,116,1
118361,-6.641836400157144,34,1
118517,-39.28293162480543,156,1
118553,-10.961132156839163,36,1
118719,-46.808242048229715,166,1
118750,-6.710115978665312,31,1
118790,-13.428776254214776,40,1
118819,-5.387056495347707,29,1
118926,-30.873725901424326,107,1
119013,-24.545267316055643,87,1
119048,-9.060433685596053,35,1
119080,-9.034312023966473,32,1
119109,-4.54737050562451,29,1
119149,-12.10623205281176,40,1
119349,-68.25099338973946,200,0
119549,-54.685947356307686,200,0
119583,-9.069367247391629,34,1
119704,-28.59233425558913,121,1
119904,-61.587751699272914,200,0
119936,-8.499103542134797,32,1
119970,-10.29272057617391,34,1
120111,-39.83600002457548,141,1
120311,-63.55386584299636,200,0
120511,-59.002583497148656,200,0
120654,-37.16794376745969,143,1
120825,-47.795248857496105,171,1
120858,-10.355509112060963,33,1
120956,-26.597572331408962,98,1
120984,-4.099737885646327,28,1
121016,-8.70129907121253,32,1
121044,-5.759398161627516,28,1
121244,-53.784945256957286,200,0
121350,-31.936283418156577,106,1
121380,-5.898952944949036,30,1
121580,-70.31820611705032,200,0
121780,-66.34712105002153,200,0
121811,-7.602579938812905,31,1
122011,-56.917318330863466,200,0
122043,-8.531175965860585,32,1
122072,-5.470042688546284,29,1
122109,-13.336653572138548,37,1
122190,-17.45369859566341,81,1
122390,-56.481116327669014,200,0
122590,-75.04989357466357,200,0
122790,-61.65098806979449,200,0
122823,-8.936821430810962,33,1
122855,-7.520423586942137,32,1
122887,-5.5815871412493685,32,1
122918,-6.700334848401617,31,1
123040,-31.25809679179826,122,1
123072,-7.594650955912085,32,1
123272,-54.10232581293572,200,0
123472,-58.30791242124025,200,0
123505,-10.040481065228299,33,1
123539,-10.288614773166332,34,1
123739,-65.1092830401865,200,0
123939,-55.03923321490497,200,0
123968,-5.989433406938737,29,1
124001,-8.596410185429995,33,1
124201,-65.28967440871033,200,0
124401,-64.23471598277895,200,0
124601,-73.18025087173247,200,0
124801,-65.67823080158428,200,0
124926,-37.19668919655006,125,1
124958,-10.242114175912775,32,1
124991,-9.369030882391142,33,1
125025,-11.171191989128543,34,1
125061,-10.029912792710746,36,1
125097,-11.325893016424466,36,1
125297,-66.92921882440774,200,0
125332,-9.934519551902929,35,1
125366,-9.880886930799191,34,1
125393,-5.257658630796895,27,1
125593,-54.38142770887022,200,0
125623,-7.296880038197205,30,1
125659,-10.73384616180341,36,1
125693,-10.220942096349912,34,1
125726,-8.438541482232639,33,1
125878,-36.930939062801905,152,1
125911,-9.577940603713177,33,1
125944,-7.5000811561381,33,1
126144,-64.79917761041757,200,0
126179,-10.538526784228619,35,1
126215,-9.625467722827224,36,1
126248,-8.014818850288304,33,1
126404,-36.20061835393493,156,1
126435,-7.341863078310293,31,1
126551,-34.60186303986352,116,1
126629,-17.495270900429613,78,1
126829,-61.333674236455245,200,0
126861,-8.423911836891188,32,1
126892,-7.56767454904486,31,1
126922,-6.851654190099948,30,1
126962,-10.72992185920464,40,1
126990,-5.664038091227461,28,1
127022,-7.7610899937814235,32,1
127053,-8.168422576238163,31,1
127084,-7.160610789172942,31,1
127200,-30.34968581420999,116,1
127236,-11.208606307478606,36,1
127268,-7.795267295081537,32,1
127300,-6.456833742035817,32,1
127337,-11.73652138463894,37,1
127537,-56.64509086594365,200,0
127737,-63.18037284618633,200,0
127937,-70.8354719255221,200,0
127969,-7.594260719401296,32,1
128002,-9.054007879959903,33,1
128036,-8.767624703781525,34,1
128072,-9.745385369988984,36,1
128272,-61.4104375856908,200,0
128472,-62.273543204010686,200,0
128501,-5.514467464973105,29,1
128534,-9.090568080676443,33,1
128570,-8.018187107632803,36,1
128605,-9.291806382604578,35,1
128634,-5.790951865576343,29,1
128834,-63.02122809703234,200,0
128864,-6.030786006640479,30,1
128892,-3.9887659802500615,28,1
128927,-10.294122382773534,35,1
128972,-14.809476936122234,45,1
129003,-8.48574452468661,31,1
129203,-63.287931143733886,200,0
129232,-5.337595292745185,29,1
129261,-5.915404675409464,29,1
129293,-8.497104903636583,32,1
129330,-11.133744324746587,37,1
129362,-7.831582600626113,32,1
129397,-11.116649699592871,35,1
129424,-4.46486374418417,27,1
129467,-13.898385659786992,43,1
129589,-24.654704054001797,122,1
129789,-61.96816848463897,200,0
129826,-12.256478382139987,37,1
129865,-12.627536476388999,39,1
129907,-11.95529409979166,42,1
130107,-65.29598229751959,200,0
130141,-8.46228136650811,34,1
130179,-11.181923737163187,38,1
130211,-8.471767671442263,32,1
130411,-52.72341822129259,200,0
130441,-6.340065469670757,30,1
130471,-6.839676178058891,30,1
130504,-8.676838848287622,33,1
130542,-13.088339984789279,38,1
130742,-69.16124213268809,200,0
130780,-11.538575814578142,38,1
130808,-4.566814759938797,28,1
130839,-8.301612520317317,31,1
131039,-60.76638873069179,200,0
131071,-8.45003937540387,32,1
131106,-10.543046512292927,35,1
131138,-8.255277572256082,32,1
131259,-32.11979590127984,121,1
131445,-47.08812642403179,186,1
131482,-9.313354396721355,37,1
131524,-13.677195458025325,42,1
131724,-50.7358846224322,200,0
131753,-5.532513745983946,29,1
131953,-58.09934654088839,200,0
131983,-8.524767069867064,30,1
132093,-32.46911859585926,110,1
132130,-12.874127996866129,37,1
132210,-19.398758341594892,80,1
132239,-5.743318859069991,29,1
132274,-9.20066922066749,35,1
132474,-62.19107750691627,200,0
132503,-5.415763231772461,29,1
132533,-5.64201621013126,30,1
132566,-8.378938483551158,33,1
132607,-11.151034913237142,41,1
132636,-7.421469760468833,29,1
132671,-9.564825927632382,35,1
132706,-10.21395979096089,35,1
132742,-9.53210576692562,36,1
132773,-8.007852090474692,31,1
132846,-16.751625414089986,73,1
132877,-6.666182202812662,31,1
132911,-9.687598783209186,34,1
132940,-4.740597504775865,29,1
133044,-24.333905103832592,104,1
133079,-9.64280564609942,35,1
133279,-64.44944635838806,200,0
133311,-7.120637165918092,32,1
133340,-5.913564020694142,29,1
133475,-32.52827818805839,135,1
133514,-13.347742676955077,39,1
133542,-6.966974970480699,28,1
133742,-63.35438744087693,200,0
133776,-8.743317429618031,34,1
133810,-10.4586133824249,34,1
133892,-21.197967680779094,82,1
133970,-18.158737208135403,78,1
134010,-11.322544194140457,40,1
134210,-65.91018248925921,200,0
134242,-6.598710859584942,32,1
134278,-10.539897969886159,36,1
134311,-9.687702885289083,33,1
134421,-36.680280507259134,110,1
134455,-10.114354166020137,34,1
134485,-7.735854466445769,30,1
134685,-52.53952480413137,200,0
134712,-4.48173591152786,27,1
134748,-10.887487477356256,36,1
134919,-40.35583205338567,171,1
135027,-31.315219281700962,108,1
135067,-11.910389063827202,40,1
135100,-8.605922589263315,33,1
135268,-42.09678173052931,168,1
135338,-18.369454277712784,70,1
135372,-9.895533798884742,34,1
135402,-7.266552430759681,30,1
135435,-10.126910104547905,33,1
135635,-64.45461116635141,200,0
135740,-26.01069096981739,105,1
135772,-8.985002944222833,32,1
135972,-62.10712654960154,200,0
136015,-15.391376213563252,43,1
136044,-5.9040590307736185,29,1
136072,-5.364099546702262,28,1
136272,-67.99740335862124,200,0
136424,-40.810115917756235,152,1
136454,-7.435750661037906,30,1
136487,-9.29286224156302,33,1
136521,-9.121337725570873,34,1
136555,-9.761281637299298,34,1
136604,-13.77122662893828,49,1
136714,-29.340961670377823,110,1
136740,-3.914549081971776,26,1
136940,-64.89867742723528,200,0
136972,-7.77578274058285,32,1
137014,-14.745851371680942,42,1
137062,-13.947954317336416,48,1
137094,-8.12069933432522,32,1
137128,-7.82020228383354,34,1
137155,-6.1125962914338885,27,1
137181,-4.113024286520808,26,1
137213,-7.536142157447108,32,1
137413,-56.15497065943822,200,0
137538,-36.50397732144482,125,1
137667,-33.85010130886885,129,1
137711,-17.762974899908727,44,1
137741,-6.680901814315657,30,1
137769,-5.886301861573328,28,1
137803,-9.987629032340324,34,1
137831,-4.810213888130601,28,1
137861,-6.383575709694693,30,1
137899,-12.191343760825605,38,1
137929,-6.043323597237492,30,1
137971,-12.809676777624283,42,1
138171,-56.33534276490906,200,0
138203,-9.19576726574108,32,1
138233,-7.423579522882553,30,1
138433,-65.68594283844324,200,0
138465,-10.011501063290483,32,1
138498,-7.626040274893114,33,1
138530,-8.798110273348827,32,1
138563,-10.320639567865072,33,1
138596,-7.433868522272302,33,1
138629,-8.927219142161569,33,1
138656,-4.710294031766113,27,1
138691,-10.792246336404125,35,1
138721,-8.054547818874038,30,1
138756,-11.62588414291335,35,1
138788,-7.608642672545866,32,1
138988,-61.98225210103117,200,0
139020,-7.152514937364526,32,1
139048,-5.18972135801439,28,1
139080,-7.283338661690774,32,1
139113,-7.938367542746128,33,1
139313,-54.94957013745258,200,0
139344,-6.3631499100262925,31,1
139372,-6.996289668609901,28,1
139404,-9.713604193508429,32,1
139604,-65.5786391583278,200,0
139639,-11.129011087821088,35,1
139670,-7.0329557072372975,31,1
139699,-6.790597715738368,29,1
139734,-9.666318458615484,35,1
139934,-66.61371578467013,200,0
139966,-7.299875401654845,32,1
140063,-30.53684787826723,97,1
140098,-8.994153000807687,35,1
140190,-20.123309882413416,92,1
140228,-11.488788134840862,38,1
140267,-12.897052325676553,39,1
140467,-49.859745391924676,200,0
140667,-54.43324199672125,200,0
140696,-5.2641695207876715,29,1
140726,-6.852739143647266,30,1
140758,-8.799619662154011,32,1
140792,-11.45642243009696,34,1
140827,-11.289894795234046,35,1
140863,-11.976381260189617,36,1
141063,-66.21937162987659,200,0
141090,-4.417185865667472,27,1
141119,-6.9999422081984495,29,1
141153,-9.280807334803136,34,1
141184,-6.749985396190745,31,1
141384,-57.56475404405347,200,0
141416,-7.208387733760565,32,1
141449,-10.620188419740394,33,1
141481,-9.293702414817075,32,1
141533,-13.955939464501247,52,1
141567,-10.890764931594697,34,1
141669,-32.55634159352706,102,1
141813,-40.10644810991068,144,1
141917,-23.374850398707892,104,1
141944,-4.187592328100617,27,1
142038,-27.363584364823016,94,1
142066,-5.533996135083905,28,1
142095,-5.802088767494638,29,1
142127,-8.148678790277026,32,1
142160,-9.713716574229961,33,1
142190,-6.615439383663897,30,1
142218,-4.592104045764263,28,1
142251,-9.519418641602472,33,1
142281,-6.718717461843209,30,1
142320,-14.730403817355116,39,1
142520,-57.446659524594494,200,0
142554,-10.693976703568225,34,1
142754,-54.15159251463169,200,0
142789,-10.59150035594009,35,1
142819,-5.912024181023591,30,1
142852,-9.529082684285886,33,1
142884,-8.088799116826847,32,1
143026,-38.760652968453094,142,1
143184,-38.44581692053442,158,1
143216,-7.656958941135569,32,1
143315,-27.024697084356376,99,1
143350,-10.80952033869954,35,1
143379,-8.281276613260864,29,1
143416,-10.681688176904295,37,1
143614,-43.183835604648195,198,1
143644,-7.105652895704063,30,1
143673,-5.795997326041055,29,1
143707,-8.458737711069508,34,1
143743,-12.596967570703335,36,1
143841,-28.595675580863904,98,1
143872,-8.685053124553741,31,1
143900,-4.8676646498636025,28,1
144007,-35.37534876346882,107,1
144036,-4.562410348767738,29,1
144136,-28.723748532723626,100,1
144163,-4.338460143016562,27,1
144296,-33.10202380479703,133,1
144327,-6.806960269274166,31,1
144356,-4.746205551928954,29,1
144385,-4.827078438340525,29,1
144416,-7.38744912833948,31,1
144475,-16.95711935514371,59,1
144510,-10.79754516076209,35,1
144544,-10.612274788756627,34,1
144575,-8.659915194143153,31,1
144610,-10.501041675764576,35,1
144643,-9.54934432366882,33,1
144680,-12.30768950601827,37,1
144712,-10.262928565062614,32,1
144741,-6.102559480448221,29,1
144769,-4.8539255984284235,28,1
144801,-8.807188856516245,32,1
145001,-58.05857325911928,200,0
145142,-34.377936999729634,141,1
145282,-34.36568473027894,140,1
145314,-9.298806286372896,32,1
145353,-12.556428156270378,39,1
145386,-7.869586902009464,33,1
145425,-12.699071476434835,39,1
145572,-42.808970486792965,147,1
145772,-57.92730432317684,200,0
145932,-34.40611124672461,160,1
145963,-7.201167264667108,31,1
145990,-6.0553056627644075,27,1
146115,-36.87633078561673,125,1
146243,-37.804832251170794,128,1
146278,-10.74501032802109,35,1
146308,-7.3611542427388414,30,1
146334,-3.1671807630018485,26,1
146368,-9.943096065190314,34,1
146399,-7.777790956516281,31,1
146436,-12.02957636879721,37,1
146470,-7.941038642279624,34,1
146543,-18.74174750554203,73,1
146743,-61.465034696879755,200,0
146777,-8.729563964836235,34,1
146814,-12.688806292749593,37,1
146844,-7.5141875750947165,30,1
146882,-13.546139293313603,38,1
146916,-10.405821639936498,34,1
146953,-12.120022444844023,37,1
146983,-8.456841078966436,30,1
147014,-6.976086372083909,31,1
147057,-15.62199508815159,43,1
147141,-20.97303046639115,84,1
147176,-12.21206710923776,35,1
147208,-8.02436462883706,32,1
147239,-7.402246655465289,31,1
147275,-10.360178852180585,36,1
147305,-5.602537244022997,30,1
147334,-6.828903637263847,29,1
147371,-10.402947689453923,37,1
147399,-5.135203126756549,28,1
147433,-10.958285351729591,34,1
147533,-24.81533104443141,100,1
147568,-8.165482377038238,35,1
147672,-24.32276418701742,104,1
147700,-5.641044201988537,28,1
147730,-7.1926581657778605,30,1
147770,-14.247071592622518,40,1
147801,-6.192809642126452,31,1
147833,-7.359327455529542,32,1
147866,-9.477216229888358,33,1
147895,-6.818512265775144,29,1
147931,-13.242547171355065,36,1
148040,-30.253051430351874,109,1
148075,-12.86160320748291,35,1
148275,-58.29493859185499,200,0
148304,-5.512642483614837,29,1
148410,-27.49153441867611,106,1
148444,-8.654078341512033,34,1
148477,-9.17201261940987,33,1
148516,-11.733337059187004,39,1
148548,-6.7443838976064505,32,1
148579,-7.1058708717588,31,1
148677,-27.402774658567683,98,1
148707,-6.86978241043945,30,1
148741,-9.332866501767384,34,1
148772,-7.035467434167341,31,1
148803,-6.907412482427141,31,1
148839,-10.85666883839971,36,1
148868,-5.015999614637719,29,1
148898,-7.104053848490123,30,1
148926,-4.853624428003201,28,1
148956,-6.707574778654049,30,1
148989,-8.715010322851114,33,1
149021,-7.410376661341147,32,1
149050,-6.557172497179895,29,1
149080,-8.595016629195326,30,1
149110,-7.445000823963092,30,1
149139,-7.677392882909976,29,1
149170,-7.3347170613440635,31,1
149345,-38.27234204670891,175,1
149379,-9.48772068676982,34,1
149410,-7.3578972234455975,31,1
149442,-9.926209296608382,32,1
