timesteps,episode_reward,episode_length
200,-92.211386,200.0
400,-169.611275,200.0
600,-102.751546,200.0
740,-64.354927,140.0
940,-137.196186,200.0
1140,-100.583722,200.0
1340,-139.332436,200.0
1540,-94.888658,200.0
1740,-89.716175,200.0
1940,-94.10928,200.0
2140,-78.159834,200.0
2340,-78.816484,200.0
2540,-80.100893,200.0
2740,-75.416107,200.0
2940,-98.924041,200.0
3140,-108.897219,200.0
3340,-90.461148,200.0
3540,-90.066035,200.0
3740,-101.258638,200.0
3940,-103.591649,200.0
4140,-102.435796,200.0
4340,-87.227486,200.0
4540,-64.40497,200.0
4740,-81.005852,200.0
4820,-24.990646,80.0
5020,-77.81192,200.0
5220,-78.580407,200.0
5420,-85.947761,200.0
5620,-107.352153,200.0
5820,-87.961427,200.0
5967,-46.556049,147.0
6167,-88.353307,200.0
6367,-84.370922,200.0
6567,-95.594968,200.0
6767,-94.291949,200.0
6967,-71.610275,200.0
7167,-80.877305,200.0
7367,-90.677373,200.0
7567,-89.387108,200.0
7767,-149.540828,200.0
7967,-92.895505,200.0
8167,-79.92582,200.0
8367,-78.323159,200.0
8567,-78.32899,200.0
8767,-86.177621,200.0
8967,-76.698664,200.0
9167,-84.928852,200.0
9367,-62.744905,200.0
9567,-99.668854,200.0
9767,-93.996352,200.0
9967,-86.431965,200.0
10167,-91.973349,200.0
10367,-70.052182,200.0
10438,-26.467422,71.0
10638,-84.504592,200.0
10838,-80.553829,200.0
11038,-84.720418,200.0
11238,-74.532471,200.0
11438,-86.180188,200.0
11638,-106.185484,200.0
11838,-74.507984,200.0
12038,-77.707196,200.0
12238,-88.341729,200.0
12438,-79.102489,200.0
12638,-79.657367,200.0
12810,-58.97848,172.0
13010,-80.057612,200.0
13210,-70.748883,200.0
13410,-74.505495,200.0
13610,-67.662063,200.0
13810,-72.512642,200.0
14010,-86.534673,200.0
14210,-75.536705,200.0
14410,-59.095664,200.0
14610,-73.405635,200.0
14810,-71.453419,200.0
15010,-81.332696,200.0
15210,-78.3622,200.0
15410,-74.200009,200.0
15610,-68.690108,200.0
15810,-70.066652,200.0
16010,-74.249231,200.0
16210,-76.745235,200.0
16410,-74.452894,200.0
16610,-74.711581,200.0
16810,-72.608801,200.0
17010,-65.136017,200.0
17067,-20.55457,57.0
17267,-66.735641,200.0
17467,-70.910318,200.0
17667,-73.774359,200.0
17867,-78.647497,200.0
18067,-76.084463,200.0
18267,-76.600424,200.0
18467,-84.323736,200.0
18667,-61.625826,200.0
18867,-73.999566,200.0
19067,-63.830999,200.0
19267,-83.25695,200.0
19467,-66.065406,200.0
19667,-75.239247,200.0
19867,-76.427579,200.0
20067,-87.129703,200.0
20120,-16.910969,53.0
20253,-39.969606,133.0
20453,-80.251969,200.0
20599,-39.538823,146.0
20799,-70.691651,200.0
20999,-67.981584,200.0
21199,-83.256593,200.0
21399,-76.466776,200.0
21599,-65.090016,200.0
21799,-70.464877,200.0
21999,-71.820027,200.0
22199,-74.214749,200.0
22265,-18.306065,66.0
22465,-63.415531,200.0
22649,-64.457238,184.0
22849,-65.824196,200.0
22978,-33.534536,129.0
23159,-45.858537,181.0
23359,-77.701388,200.0
23559,-66.414628,200.0
23759,-73.237129,200.0
23959,-76.999327,200.0
24159,-71.187322,200.0
24359,-62.361812,200.0
24424,-25.190653,65.0
24624,-73.956425,200.0
24824,-69.97353,200.0
25024,-63.09507,200.0
25224,-64.318699,200.0
25424,-68.448554,200.0
25499,-27.167544,75.0
25699,-69.345183,200.0
25899,-66.779639,200.0
26099,-69.114238,200.0
26299,-75.3916,200.0
26499,-69.873593,200.0
26553,-20.464087,54.0
26753,-71.105858,200.0
26953,-71.79325,200.0
27115,-54.596073,162.0
27267,-45.92298,152.0
27467,-69.694238,200.0
27667,-68.67971,200.0
27867,-74.910124,200.0
28067,-71.887676,200.0
28267,-72.369405,200.0
28413,-43.131578,146.0
28613,-79.95924,200.0
28813,-75.200505,200.0
29013,-69.910037,200.0
29138,-43.949805,125.0
29266,-39.704903,128.0
29405,-38.806722,139.0
29605,-62.335442,200.0
29805,-76.317364,200.0
30005,-61.728502,200.0
30205,-52.950332,200.0
30405,-68.456218,200.0
30605,-61.436307,200.0
30805,-78.584563,200.0
30862,-21.778907,57.0
31062,-61.059206,200.0
31262,-62.246833,200.0
31462,-72.977055,200.0
31662,-71.625009,200.0
31862,-69.461376,200.0
32062,-65.092979,200.0
32262,-64.186409,200.0
32462,-61.934917,200.0
32662,-78.249205,200.0
32862,-69.741424,200.0
33054,-55.623841,192.0
33254,-60.782006,200.0
33454,-67.914446,200.0
33578,-34.73256,124.0
33778,-57.113068,200.0
33978,-59.334456,200.0
34028,-15.674507,50.0
34228,-60.577681,200.0
34282,-16.420589,54.0
34482,-55.825925,200.0
34597,-34.112161,115.0
34797,-68.495723,200.0
34891,-28.500401,94.0
35091,-68.425544,200.0
35291,-67.262314,200.0
35432,-40.184356,141.0
35562,-36.012755,130.0
35762,-67.536891,200.0
35807,-17.716449,45.0
36007,-62.226813,200.0
36207,-69.506211,200.0
36407,-66.504775,200.0
36607,-56.696477,200.0
36661,-18.413586,54.0
36861,-59.850907,200.0
37061,-56.266473,200.0
37261,-59.389925,200.0
37461,-67.757953,200.0
37661,-65.947329,200.0
37861,-58.227873,200.0
38056,-55.302018,195.0
38248,-46.364556,192.0
38354,-33.810581,106.0
38554,-60.940757,200.0
38754,-62.737095,200.0
38954,-65.581686,200.0
39154,-61.613306,200.0
39354,-55.281478,200.0
39537,-42.541221,183.0
39737,-61.730954,200.0
39937,-67.653919,200.0
40137,-62.89941,200.0
40201,-23.997602,64.0
40401,-70.354331,200.0
40601,-70.906819,200.0
40801,-69.582236,200.0
40856,-15.647423,55.0
41056,-59.500984,200.0
41256,-53.252616,200.0
41456,-72.83765,200.0
41656,-67.949016,200.0
41856,-64.53675,200.0
42056,-61.20939,200.0
42256,-66.482801,200.0
42305,-15.86238,49.0
42505,-56.078866,200.0
42705,-69.39961,200.0
42905,-70.694006,200.0
43105,-62.449706,200.0
43305,-67.187654,200.0
43353,-14.706506,48.0
43553,-53.591619,200.0
43753,-67.151833,200.0
43953,-66.863832,200.0
44081,-33.375818,128.0
44241,-39.183243,160.0
44441,-50.865244,200.0
44541,-29.069785,100.0
44741,-54.703521,200.0
44941,-61.215537,200.0
45125,-45.171922,184.0
45303,-50.965055,178.0
45503,-57.411604,200.0
45703,-60.686979,200.0
45751,-16.049038,48.0
45951,-66.080216,200.0
46100,-43.407943,149.0
46300,-70.35616,200.0
46500,-63.065718,200.0
46700,-62.981219,200.0
46900,-60.73747,200.0
47100,-69.45378,200.0
47223,-29.322897,123.0
47423,-58.73893,200.0
47623,-76.101974,200.0
47680,-20.485094,57.0
47799,-30.394,119.0
47999,-57.52356,200.0
48199,-64.623714,200.0
48399,-63.050563,200.0
48446,-14.909092,47.0
48575,-34.04809,129.0
48637,-21.734529,62.0
48687,-16.344499,50.0
48731,-13.419681,44.0
48931,-54.304786,200.0
49131,-65.9106,200.0
49331,-57.817626,200.0
49531,-75.579206,200.0
49731,-51.353929,200.0
49931,-55.72297,200.0
49978,-12.214936,47.0
50178,-56.389658,200.0
50378,-67.799303,200.0
50578,-61.449692,200.0
50778,-57.351769,200.0
50978,-70.084974,200.0
51178,-52.266433,200.0
51378,-60.26498,200.0
51578,-53.312716,200.0
51778,-61.537067,200.0
51978,-61.238032,200.0
52178,-60.007119,200.0
52378,-70.121579,200.0
52578,-77.833041,200.0
52778,-56.651165,200.0
52823,-10.935003,45.0
53023,-74.050351,200.0
53223,-59.918002,200.0
53331,-33.188617,108.0
53531,-66.150342,200.0
53731,-58.028101,200.0
53931,-72.93355,200.0
54131,-54.542336,200.0
54331,-60.464267,200.0
54531,-58.339586,200.0
54634,-27.903009,103.0
54834,-57.98627,200.0
54992,-37.165098,158.0
55192,-71.411178,200.0
55241,-15.299838,49.0
55441,-61.79544,200.0
55489,-16.776346,48.0
55647,-43.667185,158.0
55847,-56.326059,200.0
56047,-61.657218,200.0
56247,-58.871943,200.0
56447,-54.455111,200.0
56647,-59.981813,200.0
56775,-40.069294,128.0
56821,-14.17244,46.0
57021,-58.593665,200.0
57221,-57.275133,200.0
57421,-68.869233,200.0
57517,-19.911505,96.0
57563,-12.964685,46.0
57763,-62.760659,200.0
57963,-60.289943,200.0
58163,-46.95363,200.0
58205,-11.420249,42.0
58340,-30.061158,135.0
58486,-33.532808,146.0
58598,-27.254437,112.0
58798,-57.878651,200.0
58914,-25.462519,116.0
58972,-15.771131,58.0
59172,-67.078411,200.0
59372,-48.028337,200.0
59572,-48.07174,200.0
59772,-67.980169,200.0
59972,-52.439487,200.0
60044,-24.384684,72.0
60148,-30.260967,104.0
60348,-49.054337,200.0
60393,-12.554644,45.0
60564,-44.284026,171.0
60764,-51.137821,200.0
60964,-57.76752,200.0
61029,-21.000432,65.0
61229,-54.57085,200.0
61429,-60.639434,200.0
61478,-15.904331,49.0
61598,-22.731783,120.0
61798,-52.786106,200.0
61998,-53.84484,200.0
62198,-61.293907,200.0
62288,-23.739121,90.0
62488,-52.484614,200.0
62688,-61.084061,200.0
62841,-27.375349,153.0
63041,-53.434552,200.0
63241,-43.548074,200.0
63441,-57.083755,200.0
63641,-50.039383,200.0
63841,-57.207108,200.0
63891,-14.113017,50.0
64091,-54.739479,200.0
64153,-21.346611,62.0
64271,-28.832284,118.0
64471,-61.953579,200.0
64533,-16.982942,62.0
64733,-69.621018,200.0
64933,-53.44302,200.0
64980,-14.358845,47.0
65180,-63.123953,200.0
65380,-56.048158,200.0
65580,-63.093651,200.0
65780,-54.50454,200.0
65980,-62.597141,200.0
66025,-11.466618,45.0
66145,-26.557278,120.0
66345,-51.861741,200.0
66545,-57.603193,200.0
66745,-59.726587,200.0
66945,-50.91396,200.0
67145,-66.707553,200.0
67345,-68.84884,200.0
67545,-42.761562,200.0
67745,-57.220759,200.0
67882,-35.971238,137.0
68052,-39.179645,170.0
68252,-58.218287,200.0
68310,-18.651846,58.0
68510,-59.435243,200.0
68710,-63.74554,200.0
68753,-12.422902,43.0
68953,-60.513259,200.0
68997,-11.717058,44.0
69045,-16.51452,48.0
69245,-60.492902,200.0
69298,-18.179044,53.0
69498,-62.466152,200.0
69543,-11.185479,45.0
69604,-15.466138,61.0
69804,-68.624807,200.0
69847,-12.391764,43.0
69907,-15.355194,60.0
70107,-48.313011,200.0
70261,-42.46644,154.0
70461,-47.511237,200.0
70508,-16.067643,47.0
70552,-10.498328,44.0
70592,-10.188571,40.0
70792,-49.833428,200.0
70992,-52.955679,200.0
71192,-59.867339,200.0
71392,-54.025873,200.0
71570,-38.319623,178.0
71614,-12.296082,44.0
71721,-23.209876,107.0
71767,-15.151028,46.0
71866,-28.582164,99.0
72036,-36.769335,170.0
72236,-48.847626,200.0
72436,-61.827518,200.0
72636,-51.976103,200.0
72836,-58.740893,200.0
73036,-54.763559,200.0
73091,-16.867935,55.0
73291,-64.45452,200.0
73491,-64.630078,200.0
73691,-50.177389,200.0
73740,-12.89298,49.0
73793,-17.658245,53.0
73993,-62.517976,200.0
74041,-16.364294,48.0
74083,-13.863285,42.0
74129,-13.074958,46.0
74307,-35.941532,178.0
74507,-49.947098,200.0
74707,-62.889598,200.0
74907,-60.55414,200.0
75107,-60.895833,200.0
75148,-11.398423,41.0
75202,-20.084741,54.0
75254,-15.185753,52.0
75296,-13.349184,42.0
75496,-46.90211,200.0
75696,-52.480643,200.0
75896,-53.582272,200.0
76096,-56.640824,200.0
76296,-53.287896,200.0
76378,-23.113512,82.0
76578,-51.521103,200.0
76628,-17.880825,50.0
76828,-55.300084,200.0
77028,-54.313769,200.0
77074,-12.189137,46.0
77274,-48.525318,200.0
77317,-13.054747,43.0
77412,-25.390746,95.0
77501,-23.672699,89.0
77551,-17.388141,50.0
77661,-32.032728,110.0
77801,-31.545403,140.0
77849,-13.090855,48.0
78049,-51.010584,200.0
78111,-19.751725,62.0
78155,-13.210469,44.0
78355,-58.564972,200.0
78467,-29.170356,112.0
78589,-29.509974,122.0
78789,-59.108976,200.0
78833,-14.031607,44.0
78875,-13.658529,42.0
78989,-33.582907,114.0
79059,-18.942846,70.0
79104,-15.918779,45.0
79304,-49.382744,200.0
79402,-23.200382,98.0
79567,-37.319716,165.0
79607,-10.152378,40.0
79807,-60.217878,200.0
79855,-11.721618,48.0
79898,-11.990849,43.0
79950,-10.654556,52.0
80003,-16.186096,53.0
80203,-60.89769,200.0
80315,-29.179782,112.0
80515,-49.859127,200.0
80565,-10.50269,50.0
80765,-55.479559,200.0
80812,-13.561323,47.0
81012,-57.078235,200.0
81053,-10.955222,41.0
81253,-51.473004,200.0
81368,-31.289628,115.0
81417,-12.477729,49.0
81459,-11.38788,42.0
81592,-28.839382,133.0
81654,-17.993966,62.0
81854,-51.465759,200.0
81900,-13.153133,46.0
82100,-47.366968,200.0
82141,-9.707614,41.0
82182,-12.902055,41.0
82283,-24.213904,101.0
82483,-58.837867,200.0
82683,-57.6487,200.0
82729,-13.24264,46.0
82770,-13.517672,41.0
82970,-59.860742,200.0
83086,-28.509651,116.0
83220,-32.60008,134.0
83265,-13.968148,45.0
83465,-51.26831,200.0
83665,-56.719454,200.0
83865,-54.276096,200.0
83909,-11.609002,44.0
84077,-36.801407,168.0
84137,-19.443439,60.0
84215,-22.592008,78.0
84254,-11.786099,39.0
84454,-57.291945,200.0
84654,-53.724667,200.0
84695,-13.690324,41.0
84895,-51.034322,200.0
85095,-58.787446,200.0
85295,-51.96538,200.0
85495,-50.687176,200.0
85539,-12.867852,44.0
85739,-53.007067,200.0
85786,-12.508171,47.0
85924,-29.66917,138.0
85976,-16.836276,52.0
86176,-44.760243,200.0
86376,-51.655319,200.0
86420,-13.251191,44.0
86471,-15.478201,51.0
86671,-51.285152,200.0
86717,-14.858875,46.0
86917,-51.608152,200.0
86962,-15.885807,45.0
87012,-12.381619,50.0
87212,-45.48324,200.0
87412,-49.356469,200.0
87612,-50.670271,200.0
87669,-16.227944,57.0
87710,-10.340047,41.0
87860,-30.373729,150.0
87964,-27.416749,104.0
88164,-52.966882,200.0
88207,-13.199,43.0
88407,-57.078379,200.0
88607,-39.77392,200.0
88705,-18.169592,98.0
88743,-10.255454,38.0
88943,-49.612895,200.0
88989,-10.352634,46.0
89030,-13.634762,41.0
89140,-24.940784,110.0
89230,-22.859734,90.0
89270,-9.171963,40.0
89470,-46.389652,200.0
89519,-13.675882,49.0
89562,-14.291727,43.0
89609,-13.537194,47.0
89660,-15.431332,51.0
89811,-25.010643,151.0
90011,-55.032555,200.0
90056,-11.204351,45.0
90100,-14.041962,44.0
90300,-42.117168,200.0
90447,-28.75452,147.0
90495,-15.153946,48.0
90637,-30.606396,142.0
90677,-11.577127,40.0
90722,-13.73982,45.0
90782,-16.49569,60.0
90825,-13.04444,43.0
91025,-54.075515,200.0
91072,-14.244924,47.0
91117,-15.797088,45.0
91162,-10.863859,45.0
91212,-13.392913,50.0
91254,-10.145542,42.0
91311,-17.968701,57.0
91392,-20.901297,81.0
91432,-9.641406,40.0
91478,-14.346694,46.0
91678,-46.538521,200.0
91720,-14.903426,42.0
91771,-15.86863,51.0
91816,-13.083252,45.0
91856,-10.064851,40.0
91899,-11.03088,43.0
91950,-15.15429,51.0
92000,-11.397586,50.0
92093,-21.385901,93.0
92293,-45.549599,200.0
92493,-47.011663,200.0
92533,-9.252416,40.0
92584,-11.408851,51.0
92626,-9.56145,42.0
92749,-32.313514,123.0
92793,-9.781443,44.0
92907,-26.23774,114.0
92948,-9.49905,41.0
92989,-9.256238,41.0
93031,-12.142433,42.0
93093,-15.730354,62.0
93131,-9.7714,38.0
93234,-24.702052,103.0
93276,-10.370688,42.0
93369,-25.337776,93.0
93418,-13.99254,49.0
93467,-13.108909,49.0
93520,-15.200549,53.0
93720,-43.492282,200.0
93920,-49.792955,200.0
94054,-28.909821,134.0
94095,-8.676518,41.0
94131,-8.421109,36.0
94283,-33.670881,152.0
94480,-38.63063,197.0
94518,-8.498799,38.0
94557,-9.946792,39.0
94600,-8.391093,43.0
94800,-50.182943,200.0
94890,-24.253693,90.0
94959,-20.175817,69.0
95004,-13.072573,45.0
95052,-12.825795,48.0
95252,-47.911626,200.0
95291,-9.246066,39.0
95333,-12.777083,42.0
95377,-12.945322,44.0
95420,-10.189741,43.0
95580,-34.164498,160.0
95721,-32.902706,141.0
95765,-14.116477,44.0
95965,-48.506243,200.0
96005,-11.91901,40.0
96047,-11.453445,42.0
96247,-50.081624,200.0
96292,-14.697849,45.0
96343,-16.718679,51.0
96387,-13.226807,44.0
96439,-16.710879,52.0
96484,-10.28607,45.0
96684,-51.661926,200.0
96842,-35.269531,158.0
97042,-45.726866,200.0
97082,-12.671005,40.0
97171,-22.976906,89.0
97269,-25.137627,98.0
97312,-13.707724,43.0
97512,-48.579548,200.0
97558,-12.612749,46.0
97636,-21.722267,78.0
97836,-47.23093,200.0
97875,-11.235341,39.0
97917,-10.586499,42.0
98077,-31.590094,160.0
98271,-32.236564,194.0
98377,-23.833889,106.0
98428,-16.346188,51.0
98473,-15.347176,45.0
98517,-14.861119,44.0
98562,-10.050116,45.0
98734,-39.522226,172.0
98777,-12.072009,43.0
98908,-32.207869,131.0
98950,-9.725778,42.0
99105,-27.058053,155.0
99148,-13.089102,43.0
99198,-16.636947,50.0
99240,-13.303497,42.0
99285,-10.500294,45.0
99393,-20.790347,108.0
99495,-21.134677,102.0
99544,-13.791251,49.0
99585,-11.300996,41.0
99689,-18.821322,104.0
99738,-10.125052,49.0
99844,-23.171601,106.0
99896,-14.124108,52.0
99937,-9.014037,41.0
100038,-24.273605,101.0
100083,-11.000032,45.0
100221,-29.665318,138.0
100307,-23.069813,86.0
100354,-12.721234,47.0
100476,-26.363115,122.0
100630,-30.040366,154.0
100673,-9.671528,43.0
100718,-12.144571,45.0
100760,-11.218029,42.0
100802,-8.266169,42.0
101002,-48.137618,200.0
101047,-10.231499,45.0
101127,-14.765647,80.0
101177,-16.396779,50.0
101217,-10.775037,40.0
101260,-14.470643,43.0
101303,-9.725576,43.0
101485,-38.712419,182.0
101597,-30.141835,112.0
101753,-29.093269,156.0
101796,-13.73682,43.0
101848,-13.369043,52.0
101888,-12.768103,40.0
101937,-17.553923,49.0
101979,-13.797472,42.0
102107,-29.025003,128.0
102270,-29.279851,163.0
102352,-18.3973,82.0
102406,-19.357061,54.0
102445,-8.589867,39.0
102550,-26.677891,105.0
102592,-9.760578,42.0
102792,-42.526341,200.0
102837,-14.201023,45.0
102952,-29.556644,115.0
103001,-14.330177,49.0
103098,-26.198106,97.0
103159,-16.977283,61.0
103208,-15.113142,49.0
103298,-23.929806,90.0
103412,-26.295311,114.0
103461,-11.844004,49.0
103508,-10.359824,47.0
103554,-14.512116,46.0
103605,-14.044906,51.0
103743,-22.450191,138.0
103790,-15.947172,47.0
103835,-13.254089,45.0
103887,-15.451144,52.0
104087,-44.017591,200.0
104138,-16.890559,51.0
104178,-10.723268,40.0
104218,-12.455706,40.0
104261,-12.275747,43.0
104316,-14.789917,55.0
104355,-10.553365,39.0
104399,-11.301656,44.0
104512,-21.066535,113.0
104579,-20.010389,67.0
104621,-11.969539,42.0
104730,-20.612288,109.0
104778,-14.244837,48.0
104820,-11.038023,42.0
104868,-12.16669,48.0
104964,-20.097026,96.0
105007,-9.831971,43.0
105056,-13.836848,49.0
105101,-13.611082,45.0
105142,-10.065262,41.0
105183,-8.760391,41.0
105220,-9.533215,37.0
105265,-14.008233,45.0
105423,-30.25421,158.0
105466,-10.505645,43.0
105509,-10.342923,43.0
105554,-14.920788,45.0
105674,-22.42262,120.0
105720,-12.219336,46.0
105758,-9.578225,38.0
105894,-25.029399,136.0
105937,-13.469497,43.0
106029,-20.590339,92.0
106075,-15.806808,46.0
106187,-22.228161,112.0
106236,-9.882987,49.0
106280,-13.225911,44.0
106322,-11.686003,42.0
106369,-11.795634,47.0
106417,-11.318667,48.0
106457,-9.395106,40.0
106498,-10.362928,41.0
106542,-11.351706,44.0
106580,-6.916992,38.0
106618,-10.078688,38.0
106658,-9.239447,40.0
106858,-49.886762,200.0
106896,-9.764671,38.0
107096,-47.849999,200.0
107136,-10.973533,40.0
107177,-12.831374,41.0
107214,-7.729096,37.0
107256,-7.449303,42.0
107299,-8.966917,43.0
107343,-15.033283,44.0
107406,-19.805425,63.0
107446,-12.762648,40.0
107488,-10.410794,42.0
107529,-14.109428,41.0
107569,-8.639028,40.0
107615,-11.292618,46.0
107664,-13.7188,49.0
107754,-15.528509,90.0
107878,-28.985106,124.0
107919,-8.462832,41.0
108119,-51.461099,200.0
108161,-10.802893,42.0
108202,-9.942497,41.0
108247,-8.694599,45.0
108345,-21.912042,98.0
108443,-22.360986,98.0
108522,-20.897845,79.0
108566,-13.700981,44.0
108605,-11.381776,39.0
108651,-13.5631,46.0
108738,-20.147211,87.0
108784,-11.243636,46.0
108826,-13.73554,42.0
108997,-32.393171,171.0
109039,-9.883871,42.0
109080,-9.117713,41.0
109119,-9.072605,39.0
109160,-11.985229,41.0
109206,-11.814236,46.0
109316,-22.219976,110.0
109362,-10.947284,46.0
109408,-13.46863,46.0
109498,-20.863068,90.0
109542,-13.392339,44.0
109582,-11.908903,40.0
109743,-37.511337,161.0
109792,-13.442039,49.0
109828,-6.491335,36.0
109936,-23.208092,108.0
109975,-12.225038,39.0
110081,-25.846095,106.0
110123,-12.031323,42.0
110166,-11.901643,43.0
110251,-15.823273,85.0
110295,-9.094386,44.0
110333,-9.95253,38.0
110452,-24.7259,119.0
110493,-10.632521,41.0
110585,-23.569376,92.0
110624,-9.937875,39.0
110667,-8.148634,43.0
110709,-13.237862,42.0
110806,-26.592063,97.0
110849,-12.898409,43.0
110889,-10.595848,40.0
110986,-22.08219,97.0
111029,-13.040881,43.0
111066,-9.362267,37.0
111158,-25.191965,92.0
111264,-26.541765,106.0
111418,-31.860284,154.0
111478,-10.67476,60.0
111519,-10.949723,41.0
111597,-21.246199,78.0
111645,-11.53389,48.0
111680,-7.680412,35.0
111724,-13.806556,44.0
111773,-14.273568,49.0
111814,-11.06057,41.0
111864,-12.219825,50.0
111903,-10.510108,39.0
111945,-7.625866,42.0
112054,-31.2407,109.0
112092,-10.352129,38.0
112134,-10.919471,42.0
112175,-10.727227,41.0
112214,-9.458832,39.0
112256,-11.535541,42.0
112294,-8.117875,38.0
112382,-23.499698,88.0
112423,-9.000665,41.0
112464,-9.46597,41.0
112516,-17.581962,52.0
112556,-8.872487,40.0
112594,-10.096214,38.0
112638,-11.555738,44.0
112689,-13.632119,51.0
112729,-9.688814,40.0
112767,-9.119469,38.0
112902,-27.744802,135.0
113003,-19.53052,101.0
113079,-18.357686,76.0
113121,-12.33338,42.0
113163,-12.283138,42.0
113203,-11.139622,40.0
113243,-9.684897,40.0
113284,-11.569433,41.0
113331,-11.626537,47.0
113367,-7.616163,36.0
113412,-13.31327,45.0
113448,-7.224159,36.0
113508,-17.624012,60.0
113559,-9.539775,51.0
113600,-11.187026,41.0
113640,-12.548811,40.0
113676,-10.258733,36.0
113731,-11.459231,55.0
113771,-11.880554,40.0
113815,-12.27036,44.0
113937,-19.586016,122.0
113994,-17.182314,57.0
114032,-7.253538,38.0
114069,-7.993817,37.0
114107,-11.365715,38.0
114148,-12.414758,41.0
114189,-13.714737,41.0
114321,-27.798871,132.0
114361,-13.101467,40.0
114410,-14.794146,49.0
114454,-12.447466,44.0
114493,-11.325471,39.0
114592,-19.448749,99.0
114634,-13.010894,42.0
114678,-11.180475,44.0
114788,-24.356683,110.0
114825,-8.364775,37.0
114864,-9.064091,39.0
114935,-18.551566,71.0
114975,-9.473195,40.0
115021,-14.21023,46.0
115059,-8.198431,38.0
115114,-14.344018,55.0
115155,-8.316616,41.0
115194,-9.477747,39.0
115240,-12.896269,46.0
115318,-12.543238,78.0
115356,-8.819062,38.0
115399,-12.779725,43.0
115445,-11.186285,46.0
115486,-11.525907,41.0
115527,-13.656432,41.0
115572,-9.917112,45.0
115642,-11.421442,70.0
115684,-9.596785,42.0
115797,-27.314795,113.0
115997,-42.266123,200.0
116037,-11.613712,40.0
116082,-14.587802,45.0
116122,-10.553178,40.0
116213,-17.112717,91.0
116252,-8.064794,39.0
116292,-12.700297,40.0
116334,-14.463169,42.0
116376,-13.207736,42.0
116464,-19.003094,88.0
116511,-11.028848,47.0
116552,-11.192494,41.0
116605,-11.955824,53.0
116646,-13.017395,41.0
116688,-12.152855,42.0
116729,-14.055924,41.0
116836,-25.372848,107.0
116876,-7.289461,40.0
116965,-16.303976,89.0
117004,-10.998549,39.0
117106,-23.852302,102.0
117147,-11.707978,41.0
117185,-8.178048,38.0
117221,-8.185832,36.0
117259,-9.007734,38.0
117297,-8.942848,38.0
117336,-9.11381,39.0
117386,-12.925148,50.0
117430,-13.145805,44.0
117630,-50.800016,200.0
117680,-9.2921,50.0
117724,-13.291328,44.0
117761,-10.74054,37.0
117802,-9.428592,41.0
117844,-12.939319,42.0
117882,-10.798607,38.0
117922,-11.465941,40.0
117961,-8.82156,39.0
117997,-8.216155,36.0
118036,-7.864145,39.0
118074,-9.829645,38.0
118114,-11.628083,40.0
118220,-23.643078,106.0
118263,-10.612502,43.0
118300,-8.10539,37.0
118432,-27.269679,132.0
118471,-6.811873,39.0
118559,-15.818789,88.0
118601,-11.341451,42.0
118641,-12.34468,40.0
118688,-11.639237,47.0
118728,-9.236964,40.0
118767,-7.06892,39.0
118811,-12.812032,44.0
118904,-22.433384,93.0
118948,-9.550133,44.0
118992,-9.912753,44.0
119030,-9.264368,38.0
119067,-10.23576,37.0
119106,-10.071476,39.0
119206,-19.406341,100.0
119252,-9.965773,46.0
119293,-10.740156,41.0
119333,-9.399264,40.0
119379,-14.943485,46.0
119418,-8.940554,39.0
119475,-15.436406,57.0
119517,-12.597278,42.0
119556,-7.254219,39.0
119608,-14.123763,52.0
119646,-10.637026,38.0
119690,-14.094781,44.0
119729,-11.819144,39.0
119929,-49.415636,200.0
119980,-13.512797,51.0
120094,-28.93489,114.0
120132,-10.861541,38.0
120170,-9.672247,38.0
120233,-15.831483,63.0
120277,-13.636799,44.0
120318,-8.806625,41.0
120398,-21.173015,80.0
120434,-7.604422,36.0
120477,-10.150362,43.0
120525,-12.330112,48.0
120565,-11.631763,40.0
120604,-10.317703,39.0
120649,-13.55064,45.0
120693,-12.494655,44.0
120732,-9.032549,39.0
120773,-11.071729,41.0
120811,-10.915155,38.0
120856,-10.536888,45.0
120895,-8.314391,39.0
120933,-9.222905,38.0
120973,-10.315666,40.0
121010,-9.547553,37.0
121049,-10.323291,39.0
121098,-11.566199,49.0
121253,-31.962009,155.0
121293,-7.526002,40.0
121352,-11.6864,59.0
121398,-8.684952,46.0
121436,-9.911805,38.0
121484,-13.271684,48.0
121523,-9.659091,39.0
121723,-47.768676,200.0
121761,-9.393114,38.0
121804,-8.958261,43.0
121845,-11.476428,41.0
121883,-6.791607,38.0
121991,-25.208858,108.0
122027,-8.646519,36.0
122066,-11.742847,39.0
122101,-5.722797,35.0
122139,-8.57312,38.0
122176,-8.054197,37.0
122220,-10.89975,44.0
122261,-7.119744,41.0
122298,-9.525432,37.0
122345,-10.613255,47.0
122385,-9.654243,40.0
122425,-12.009223,40.0
122466,-9.070042,41.0
122507,-10.290681,41.0
122544,-9.790462,37.0
122583,-11.970511,39.0
122625,-7.808237,42.0
122667,-8.776855,42.0
122797,-29.193784,130.0
122837,-7.445085,40.0
122875,-11.014593,38.0
122912,-7.295397,37.0
122957,-11.209466,45.0
122998,-13.404964,41.0
123043,-11.639576,45.0
123212,-36.297909,169.0
123252,-9.525378,40.0
123289,-6.506518,37.0
123330,-11.592756,41.0
123380,-13.567764,50.0
123425,-11.055561,45.0
123462,-8.77744,37.0
123501,-9.138893,39.0
123541,-6.719605,40.0
123578,-9.313375,37.0
123617,-8.994499,39.0
123654,-8.257099,37.0
123692,-11.726927,38.0
123728,-6.961669,36.0
123766,-10.592376,38.0
123829,-11.710625,63.0
123868,-13.117762,39.0
123904,-10.694685,36.0
123945,-14.008089,41.0
123981,-11.171619,36.0
124032,-10.480254,51.0
124081,-11.429565,49.0
124128,-9.286782,47.0
124167,-8.004613,39.0
124208,-11.472723,41.0
124257,-14.610184,49.0
124295,-11.100739,38.0
124344,-16.127827,49.0
124521,-37.813562,177.0
124568,-11.652894,47.0
124606,-7.993077,38.0
124643,-11.057228,37.0
124683,-11.02224,40.0
124725,-10.499993,42.0
124764,-9.621576,39.0
124845,-22.101139,81.0
124884,-11.808239,39.0
124924,-13.022545,40.0
124963,-8.656967,39.0
125008,-13.255261,45.0
125044,-9.248974,36.0
125083,-11.991483,39.0
125129,-9.773977,46.0
125170,-10.606466,41.0
125208,-11.001751,38.0
125252,-13.272843,44.0
125290,-9.63511,38.0
125332,-10.439623,42.0
125371,-11.547839,39.0
125407,-7.743309,36.0
125444,-9.577824,37.0
125482,-7.156446,38.0
125523,-9.530175,41.0
125566,-9.996696,43.0
125601,-8.939301,35.0
125638,-10.229771,37.0
125674,-8.664765,36.0
125714,-11.717267,40.0
125753,-11.723405,39.0
125793,-12.855822,40.0
125939,-28.81101,146.0
125977,-6.859678,38.0
126019,-9.712634,42.0
126056,-8.185161,37.0
126095,-8.034665,39.0
126136,-14.061793,41.0
126177,-12.866656,41.0
126215,-11.295666,38.0
126256,-13.447566,41.0
126297,-9.412057,41.0
126336,-10.687785,39.0
126375,-7.155495,39.0
126422,-15.165467,47.0
126465,-9.146469,43.0
126503,-8.000216,38.0
126573,-19.904763,70.0
126609,-8.17889,36.0
126651,-8.287691,42.0
126687,-10.40769,36.0
126730,-10.718934,43.0
126766,-10.213572,36.0
126819,-12.464835,53.0
127015,-36.864485,196.0
127053,-10.432279,38.0
127098,-9.704361,45.0
127135,-9.503004,37.0
127175,-8.694511,40.0
127215,-13.791159,40.0
127415,-48.598305,200.0
127457,-11.379683,42.0
127498,-11.295662,41.0
127536,-8.643687,38.0
127575,-13.947157,39.0
127613,-10.386332,38.0
127652,-8.43417,39.0
127696,-9.474022,44.0
127819,-34.332395,123.0
127900,-23.33022,81.0
127938,-7.851902,38.0
127978,-12.286102,40.0
128026,-11.585877,48.0
128063,-8.118215,37.0
128099,-7.730375,36.0
128138,-10.64552,39.0
128179,-12.685711,41.0
128219,-11.679337,40.0
128260,-8.416124,41.0
128299,-11.034038,39.0
128335,-7.560875,36.0
128376,-10.926851,41.0
128416,-10.506773,40.0
128454,-9.958839,38.0
128496,-8.438553,42.0
128542,-7.587392,46.0
128579,-8.352902,37.0
128615,-7.967276,36.0
128658,-8.985751,43.0
128742,-18.626432,84.0
128780,-12.519273,38.0
128980,-54.738695,200.0
129019,-9.634264,39.0
129056,-10.685201,37.0
129148,-17.014146,92.0
129348,-48.693068,200.0
129384,-7.926626,36.0
129426,-13.092016,42.0
129468,-12.986071,42.0
129506,-9.361591,38.0
129543,-10.76903,37.0
129584,-13.157286,41.0
129623,-10.765153,39.0
129663,-12.280114,40.0
129706,-9.580915,43.0
129743,-9.545096,37.0
129780,-10.140956,37.0
129820,-12.522687,40.0
129860,-12.926118,40.0
129903,-12.020246,43.0
129943,-8.502338,40.0
129987,-8.624315,44.0
130034,-11.162422,47.0
130076,-8.3785,42.0
130116,-7.458613,40.0
130157,-10.244691,41.0
130275,-25.495734,118.0
130315,-13.287222,40.0
130352,-10.11686,37.0
130394,-13.327948,42.0
130432,-8.618719,38.0
130533,-23.015386,101.0
130574,-8.498064,41.0
130613,-8.951987,39.0
130650,-6.565083,37.0
130690,-12.805588,40.0
130729,-10.5597,39.0
130929,-47.868975,200.0
130974,-10.52328,45.0
131081,-14.537585,107.0
131121,-9.976359,40.0
131163,-12.323144,42.0
131207,-13.470596,44.0
131249,-12.056817,42.0
131289,-13.10183,40.0
131326,-8.196304,37.0
131367,-12.137901,41.0
131410,-10.788838,43.0
131447,-8.569618,37.0
131647,-54.316755,200.0
131687,-12.734854,40.0
131736,-13.635077,49.0
131785,-11.870357,49.0
131828,-10.36426,43.0
132000,-35.937059,172.0
132048,-11.155034,48.0
132091,-11.067176,43.0
132128,-8.148437,37.0
132167,-11.965905,39.0
132210,-12.818989,43.0
132248,-11.018227,38.0
132285,-8.42014,37.0
132321,-7.324084,36.0
132366,-14.967045,45.0
132501,-24.773255,135.0
132543,-9.382641,42.0
132584,-11.133186,41.0
132623,-12.428859,39.0
132660,-9.261859,37.0
132700,-9.884563,40.0
132744,-12.558684,44.0
132898,-27.396247,154.0
133026,-23.503783,128.0
133066,-10.435159,40.0
133103,-8.706599,37.0
133141,-8.680632,38.0
133179,-8.39101,38.0
133220,-7.258969,41.0
133259,-11.216512,39.0
133299,-9.260788,40.0
133343,-11.999659,44.0
133388,-9.508352,45.0
133427,-8.994098,39.0
133469,-8.795604,42.0
133510,-13.065345,41.0
133547,-10.186533,37.0
133589,-9.87849,42.0
133636,-10.048111,47.0
133672,-8.676613,36.0
133710,-8.071704,38.0
133751,-8.835157,41.0
133792,-12.041326,41.0
133834,-13.152438,42.0
133871,-9.471721,37.0
133957,-13.93425,86.0
134076,-29.439848,119.0
134116,-9.143319,40.0
134154,-12.394487,38.0
134199,-12.801868,45.0
134235,-9.291692,36.0
134276,-10.421352,41.0
134322,-14.015705,46.0
134362,-10.452358,40.0
134400,-11.485691,38.0
134438,-6.626986,38.0
134478,-9.448516,40.0
134523,-13.43547,45.0
134561,-8.768419,38.0
134600,-8.81276,39.0
134638,-8.792261,38.0
134675,-9.781262,37.0
134719,-10.948173,44.0
134756,-8.709146,37.0
134796,-10.577303,40.0
134840,-12.729828,44.0
134880,-11.357665,40.0
134940,-14.192853,60.0
134979,-12.671349,39.0
135015,-7.350881,36.0
135053,-6.615136,38.0
135087,-8.114248,34.0
135125,-7.739874,38.0
135167,-11.268455,42.0
135205,-11.507864,38.0
135245,-12.227076,40.0
135287,-13.165283,42.0
135325,-10.048136,38.0
135368,-12.677408,43.0
135406,-8.307037,38.0
135456,-11.309258,50.0
135496,-11.422976,40.0
135532,-7.674911,36.0
135572,-9.509111,40.0
135624,-15.093457,52.0
135660,-7.671832,36.0
135702,-13.288796,42.0
135743,-9.629959,41.0
135778,-7.701368,35.0
135816,-8.405731,38.0
135855,-12.102395,39.0
135893,-9.390565,38.0
135937,-8.544903,44.0
135974,-8.013396,37.0
136010,-8.089679,36.0
136051,-14.494222,41.0
136251,-49.403605,200.0
136308,-14.687945,57.0
136347,-7.386885,39.0
136382,-7.553562,35.0
136418,-9.116685,36.0
136461,-12.042106,43.0
136498,-7.65675,37.0
136533,-7.316597,35.0
136572,-6.578637,39.0
136612,-7.109492,40.0
136654,-10.331899,42.0
136693,-10.352739,39.0
136732,-12.238836,39.0
136774,-12.507922,42.0
136811,-8.177079,37.0
136847,-7.818966,36.0
136886,-10.06775,39.0
136925,-11.352914,39.0
136963,-12.113967,38.0
137004,-10.047259,41.0
137042,-8.702466,38.0
137080,-7.761264,38.0
137122,-11.968548,42.0
137158,-7.073747,36.0
137197,-12.403076,39.0
137235,-11.730043,38.0
137272,-7.903848,37.0
137395,-30.617917,123.0
137430,-7.275482,35.0
137469,-10.764741,39.0
137507,-9.737847,38.0
137707,-43.004382,200.0
137743,-9.719124,36.0
137784,-11.991484,41.0
137824,-7.957722,40.0
137860,-10.275235,36.0
137898,-12.890772,38.0
137934,-8.498706,36.0
137973,-8.955691,39.0
138013,-9.427566,40.0
138066,-12.061038,53.0
138103,-8.596761,37.0
138139,-7.557258,36.0
138180,-10.328472,41.0
138218,-10.853437,38.0
138259,-10.625661,41.0
138364,-23.647282,105.0
138399,-7.266743,35.0
138435,-9.092066,36.0
138474,-10.211765,39.0
138513,-12.876166,39.0
138550,-10.705798,37.0
138591,-9.560428,41.0
138626,-9.050881,35.0
138661,-7.227795,35.0
138699,-10.316409,38.0
138741,-10.412318,42.0
138776,-6.567849,35.0
138814,-6.345925,38.0
138849,-7.273541,35.0
138888,-9.203732,39.0
138929,-11.58229,41.0
138967,-11.4245,38.0
139009,-9.568614,42.0
139047,-8.725419,38.0
139086,-11.378469,39.0
139125,-7.233251,39.0
139162,-11.834429,37.0
139201,-8.546952,39.0
139238,-7.063286,37.0
139275,-5.818572,37.0
139312,-8.711314,37.0
139348,-10.055963,36.0
139383,-6.534597,35.0
139419,-8.676724,36.0
139454,-8.415544,35.0
139494,-11.796239,40.0
139530,-9.018454,36.0
139568,-8.681086,38.0
139610,-12.371961,42.0
139646,-7.338215,36.0
139682,-8.677503,36.0
139723,-14.080488,41.0
139762,-9.768191,39.0
139814,-12.924147,52.0
139855,-12.788959,41.0
140055,-51.861719,200.0
140163,-19.353769,108.0
140202,-11.470817,39.0
140239,-11.489173,37.0
140276,-9.991176,37.0
140348,-16.393365,72.0
140386,-10.824291,38.0
140425,-6.652738,39.0
140463,-13.539358,38.0
140498,-8.746761,35.0
140537,-10.921302,39.0
140579,-12.215076,42.0
140654,-16.536303,75.0
140695,-8.850425,41.0
140729,-6.841724,34.0
140763,-6.816522,34.0
140799,-8.830403,36.0
140836,-8.603815,37.0
140873,-7.456561,37.0
140909,-7.874806,36.0
140952,-9.571739,43.0
140992,-9.080856,40.0
141029,-9.816202,37.0
141064,-8.18966,35.0
141113,-10.245638,49.0
141151,-7.370208,38.0
141228,-21.125366,77.0
141297,-12.569733,69.0
141332,-6.905371,35.0
141367,-7.632791,35.0
141411,-12.307578,44.0
141451,-8.893167,40.0
141489,-11.331021,38.0
141530,-11.842578,41.0
141568,-11.427846,38.0
141606,-7.691216,38.0
141646,-12.500544,40.0
141684,-7.889812,38.0
141720,-6.020616,36.0
141758,-11.174687,38.0
141797,-11.005871,39.0
141834,-9.989383,37.0
142005,-28.439825,171.0
142048,-9.876146,43.0
142088,-12.635547,40.0
142125,-9.586542,37.0
142163,-8.001848,38.0
142202,-9.429285,39.0
142238,-9.133942,36.0
142389,-24.566005,151.0
142428,-11.96457,39.0
142468,-9.30888,40.0
142508,-10.380176,40.0
142550,-8.73361,42.0
142586,-9.104136,36.0
142626,-10.900018,40.0
142663,-10.853921,37.0
142704,-7.142059,41.0
142742,-10.742786,38.0
142780,-7.701033,38.0
142817,-10.103309,37.0
142854,-10.282965,37.0
142890,-9.247206,36.0
142927,-7.770874,37.0
142964,-9.894452,37.0
142999,-8.990413,35.0
143173,-27.380085,174.0
143207,-7.442728,34.0
143245,-8.409429,38.0
143287,-8.18583,42.0
143324,-8.720745,37.0
143361,-9.19633,37.0
143400,-8.295471,39.0
143436,-7.807263,36.0
143473,-8.561158,37.0
143513,-12.897354,40.0
143554,-7.588632,41.0
143589,-6.852273,35.0
143719,-26.205785,130.0
143757,-11.972043,38.0
143792,-6.59992,35.0
143829,-9.112768,37.0
143866,-9.09934,37.0
143904,-9.786085,38.0
143942,-8.778361,38.0
143977,-5.484741,35.0
144014,-11.448707,37.0
144055,-8.744698,41.0
144092,-10.957185,37.0
144125,-5.890973,33.0
144210,-20.927631,85.0
144248,-9.45529,38.0
144285,-7.754363,37.0
144321,-10.07512,36.0
144359,-10.006381,38.0
144439,-21.951432,80.0
144476,-10.064951,37.0
144512,-11.192174,36.0
144548,-7.046892,36.0
144587,-11.304769,39.0
144621,-6.303654,34.0
144656,-7.015563,35.0
144693,-12.786429,37.0
144729,-7.883111,36.0
144769,-13.113397,40.0
144807,-10.575174,38.0
144843,-7.56641,36.0
144887,-9.863053,44.0
144926,-7.272122,39.0
144966,-8.40979,40.0
145004,-11.325488,38.0
145044,-10.571529,40.0
145083,-12.615352,39.0
145123,-11.292968,40.0
145163,-13.171001,40.0
145204,-8.418385,41.0
145249,-9.467375,45.0
145293,-12.291093,44.0
145438,-33.324304,145.0
145475,-7.353567,37.0
145516,-9.034573,41.0
145551,-9.084133,35.0
145586,-6.908103,35.0
145620,-6.565779,34.0
145657,-7.770093,37.0
145692,-6.188516,35.0
145730,-8.277872,38.0
145767,-11.471068,37.0
145802,-7.094996,35.0
145842,-8.615547,40.0
145879,-11.570969,37.0
145916,-9.662627,37.0
145955,-8.81805,39.0
145993,-10.834988,38.0
146109,-27.175828,116.0
146153,-11.88426,44.0
146260,-18.255127,107.0
146300,-13.494038,40.0
146338,-9.647413,38.0
146375,-12.273182,37.0
146412,-8.023562,37.0
146447,-7.792673,35.0
146485,-10.596898,38.0
146520,-7.693288,35.0
146562,-9.984376,42.0
146597,-8.759723,35.0
146632,-9.295186,35.0
146668,-9.903587,36.0
146704,-10.283616,36.0
146746,-11.437179,42.0
146783,-9.327819,37.0
146825,-8.422038,42.0
146861,-8.28747,36.0
146896,-8.349067,35.0
146933,-9.922835,37.0
146976,-12.598155,43.0
147013,-10.501025,37.0
147048,-6.406493,35.0
147086,-12.10733,38.0
147121,-6.602685,35.0
147163,-10.957348,42.0
147198,-8.111033,35.0
147235,-9.538993,37.0
147272,-9.890623,37.0
147352,-15.738513,80.0
147389,-9.522808,37.0
147429,-12.329814,40.0
147466,-7.823776,37.0
147515,-8.046646,49.0
147553,-11.738571,38.0
147589,-9.726173,36.0
147628,-8.565415,39.0
147665,-11.566301,37.0
147747,-23.610674,82.0
147837,-19.529194,90.0
147873,-7.821029,36.0
147909,-10.878341,36.0
147944,-7.577991,35.0
147982,-8.837491,38.0
148019,-11.530339,37.0
148056,-9.765141,37.0
148091,-7.673974,35.0
148127,-9.153049,36.0
148279,-22.473604,152.0
148315,-11.385377,36.0
148352,-11.809624,37.0
148388,-8.196472,36.0
148466,-19.925089,78.0
148502,-11.674245,36.0
148540,-9.057103,38.0
148622,-18.177621,82.0
148662,-12.007745,40.0
148698,-7.014729,36.0
148737,-10.64874,39.0
148778,-14.403173,41.0
148814,-10.952449,36.0
148850,-10.646732,36.0
148937,-18.336732,87.0
149126,-27.43105,189.0
149164,-11.19879,38.0
149199,-8.807657,35.0
149236,-10.119676,37.0
149273,-8.94104,37.0
149310,-7.472688,37.0
149346,-6.830722,36.0
149386,-12.505663,40.0
149421,-9.889084,35.0
149458,-9.340799,37.0
149492,-6.518258,34.0
149530,-10.518304,38.0
149569,-8.979604,39.0
149608,-7.671738,39.0
149644,-8.895331,36.0
149682,-12.422053,38.0
149718,-10.710466,36.0
149753,-6.537187,35.0
149788,-6.983438,35.0
149826,-8.092171,38.0
149864,-8.18329,38.0
149900,-9.258188,36.0
149992,-24.767949,92.0
